Protocollo;Gruppo;DataOraIncidente;Localizzazione1;STRADA1;Localizzazione2;STRADA2;Strada02;Chilometrica;DaSpecificare;NaturaIncidente;particolaritastrade;TipoStrada;FondoStradale;Pavimentazione;Segnaletica;CondizioneAtmosferica;Traffico;Visibilita;Illuminazione;NUM_FERITI;NUM_RISERVATA;NUM_MORTI;NUM_ILLESI;Longitudine;Latitudine;Confermato;Progressivo;TipoVeicolo;StatoVeicolo;TipoPersona;Sesso;Tipolesione;Deceduto;DecedutoDopo;CinturaCascoUtilizzato;Airbag
1817001;15;03/11/2009 10:00;Strada Urbana;VIA PORTUENSE;in corrispondenza;;del civico n. ;547;;Scontro frontale fra veicoli in marcia;Pendenza;Una carreggiata a senso unico di marcia;Bagnato (pioggia);Asfaltata;Orizzontale;Pioggia in atto;Normale;Buona;Ore Diurne;0;0;0;3;;;-1;2;Autovettura privata;In marcia / fermata / arresto;Conducente;F;Illeso;0;;Utilizzato;Inesistente
1817001;15;03/11/2009 10:00;Strada Urbana;VIA PORTUENSE;in corrispondenza;;del civico n. ;547;;Scontro frontale fra veicoli in marcia;Pendenza;Una carreggiata a senso unico di marcia;Bagnato (pioggia);Asfaltata;Orizzontale;Pioggia in atto;Normale;Buona;Ore Diurne;0;0;0;3;;;-1;2;Autovettura privata;In marcia / fermata / arresto;Passeggero;F;Illeso;0;;Utilizzato;Inesistente
1817002;15;03/11/2009 12:00;Strada Urbana;VIA DEL TRULLO;all'intersezione con;VIA DEL MONTE DELLE CAPRE;VIA DEL MONTE DELLE CAPRE;;;Investimento di pedone;Intersezione semaforizzata;Due carreggiate;Bagnato (pioggia);Asfaltata;Verticale ed orizzontale;Pioggia in atto;Normale;Buona;Ore Diurne;1;0;0;1;;;-1;;;;Pedone;F;Rimandato;0;NON DECEDUTO;;
1817002;15;03/11/2009 12:00;Strada Urbana;VIA DEL TRULLO;all'intersezione con;VIA DEL MONTE DELLE CAPRE;VIA DEL MONTE DELLE CAPRE;;;Investimento di pedone;Intersezione semaforizzata;Due carreggiate;Bagnato (pioggia);Asfaltata;Verticale ed orizzontale;Pioggia in atto;Normale;Buona;Ore Diurne;1;0;0;1;;;-1;1;Autovettura privata;In marcia / fermata / arresto;Conducente;F;Illeso;0;;Non accertato;Inesploso
1817003;15;03/11/2009 13:05;Strada Urbana;VIA ODERISI DA GUBBIO;in corrispondenza;;del civico n. ;192;;Investimento di pedone;Rettilineo;Una carreggiata a doppio senso;Bagnato (pioggia);Asfaltata;Orizzontale;Nuvoloso;Normale;Buona;Ore Diurne;2;0;0;0;;;-1;;;;Pedone;M;Rimandato;0;NON DECEDUTO;;
1817003;15;03/11/2009 13:05;Strada Urbana;VIA ODERISI DA GUBBIO;in corrispondenza;;del civico n. ;192;;Investimento di pedone;Rettilineo;Una carreggiata a doppio senso;Bagnato (pioggia);Asfaltata;Orizzontale;Nuvoloso;Normale;Buona;Ore Diurne;2;0;0;0;;;-1;1;Motociclo con passeggero;In marcia / fermata / arresto;Conducente;M;Rimandato;0;NON DECEDUTO;Utilizzato;Inesistente
1817004;15;03/11/2009 14:45;Strada Urbana;VIA ANTONIO PACINOTTI;in corrispondenza;;del civico n. ;33;;Scontro laterale fra veicoli in marcia;Rettilineo;Una carreggiata a doppio senso;Asciutto;Asfaltata;Orizzontale;Nuvoloso;Intenso;Buona;Ore Diurne;0;0;0;2;;;-1;1;Autovettura privata;In marcia / fermata / arresto;Conducente;M;Illeso;0;;Utilizzato;Inesistente
1817004;15;03/11/2009 14:45;Strada Urbana;VIA ANTONIO PACINOTTI;in corrispondenza;;del civico n. ;33;;Scontro laterale fra veicoli in marcia;Rettilineo;Una carreggiata a doppio senso;Asciutto;Asfaltata;Orizzontale;Nuvoloso;Intenso;Buona;Ore Diurne;0;0;0;2;;;-1;2;Autovettura privata;In marcia / fermata / arresto;Conducente;F;Illeso;0;;Utilizzato;Inesistente
1817005;15;03/11/2009 16:10;Strada Urbana;VIALE GUGLIELMO MARCONI;in corrispondenza;;del civico n. ;287;;Veicolo in marcia contro ostacolo accidentale;Rettilineo;Due carreggiate;Bagnato (pioggia);Asfaltata;Orizzontale;Sereno;Intenso;Buona;Ore Diurne;0;0;0;1;;;-1;1;Motociclo con passeggero;In marcia / fermata / arresto;Conducente;M;Illeso;0;;Utilizzato;Inesistente
1817006;15;03/11/2009 16:10;Strada Urbana;VIALE GUGLIELMO MARCONI;in corrispondenza;;del civico n. ;287;;Veicolo in marcia contro ostacolo accidentale;Rettilineo;Due carreggiate;Viscido da liquidi oleosi;Asfaltata;Orizzontale;Nuvoloso;Normale;Buona;Ore Diurne;0;0;0;1;;;-1;1;Motociclo a solo;In marcia / fermata / arresto;Conducente;M;Illeso;0;;Utilizzato;Inesistente
1817007;15;03/11/2009 17:00;Strada Urbana;VIA GIANNETTO VALLI;in prossimità;;del civico n. ;5;;Scontro frontale/laterale SX fra veicoli in marcia;Pendenza;Una carreggiata a senso unico di marcia;Asciutto;Asfaltata;Orizzontale;Nuvoloso;Scarso;Buona;Sufficiente;0;0;0;4;;;-1;1;Autovettura privata;In marcia / fermata / arresto;Conducente;F;Illeso;0;;Utilizzato;Inesistente
1817007;15;03/11/2009 17:00;Strada Urbana;VIA GIANNETTO VALLI;in prossimità;;del civico n. ;5;;Scontro frontale/laterale SX fra veicoli in marcia;Pendenza;Una carreggiata a senso unico di marcia;Asciutto;Asfaltata;Orizzontale;Nuvoloso;Scarso;Buona;Sufficiente;0;0;0;4;;;-1;1;Autovettura privata;In marcia / fermata / arresto;Passeggero;M;Illeso;0;;Utilizzato;Inesistente
1817007;15;03/11/2009 17:00;Strada Urbana;VIA GIANNETTO VALLI;in prossimità;;del civico n. ;5;;Scontro frontale/laterale SX fra veicoli in marcia;Pendenza;Una carreggiata a senso unico di marcia;Asciutto;Asfaltata;Orizzontale;Nuvoloso;Scarso;Buona;Sufficiente;0;0;0;4;;;-1;2;Autovettura privata;In marcia / fermata / arresto;Conducente;M;Illeso;0;;Utilizzato;Inesistente
1817010;16;01/11/2009 00:45;Strada Urbana;VIA PORTUENSE;all'intersezione semaforizzata con;VIA DEGLI ORTI DI CESARE;VIA DEGLI ORTI DI CESARE;;;Scontro frontale/laterale SX fra veicoli in marcia;Intersezione semaforizzata;Una carreggiata a doppio senso;Asciutto;Asfaltata;Verticale ed orizzontale;Sereno;Normale;Buona;Sufficiente;0;0;0;6;;;-1;1;Autovettura privata;In marcia / fermata / arresto;Conducente;M;Illeso;0;;Non accertato;Esploso
1817010;16;01/11/2009 00:45;Strada Urbana;VIA PORTUENSE;all'intersezione semaforizzata con;VIA DEGLI ORTI DI CESARE;VIA DEGLI ORTI DI CESARE;;;Scontro frontale/laterale SX fra veicoli in marcia;Intersezione semaforizzata;Una carreggiata a doppio senso;Asciutto;Asfaltata;Verticale ed orizzontale;Sereno;Normale;Buona;Sufficiente;0;0;0;6;;;-1;1;Autovettura privata;In marcia / fermata / arresto;Passeggero;F;Illeso;0;;Non accertato;Inesistente
1817010;16;01/11/2009 00:45;Strada Urbana;VIA PORTUENSE;all'intersezione semaforizzata con;VIA DEGLI ORTI DI CESARE;VIA DEGLI ORTI DI CESARE;;;Scontro frontale/laterale SX fra veicoli in marcia;Intersezione semaforizzata;Una carreggiata a doppio senso;Asciutto;Asfaltata;Verticale ed orizzontale;Sereno;Normale;Buona;Sufficiente;0;0;0;6;;;-1;1;Autovettura privata;In marcia / fermata / arresto;Passeggero;M;Illeso;0;;Non accertato;Esploso
1817010;16;01/11/2009 00:45;Strada Urbana;VIA PORTUENSE;all'intersezione semaforizzata con;VIA DEGLI ORTI DI CESARE;VIA DEGLI ORTI DI CESARE;;;Scontro frontale/laterale SX fra veicoli in marcia;Intersezione semaforizzata;Una carreggiata a doppio senso;Asciutto;Asfaltata;Verticale ed orizzontale;Sereno;Normale;Buona;Sufficiente;0;0;0;6;;;-1;1;Autovettura privata;In marcia / fermata / arresto;Passeggero;M;Illeso;0;;Non accertato;Inesistente
1817010;16;01/11/2009 00:45;Strada Urbana;VIA PORTUENSE;all'intersezione semaforizzata con;VIA DEGLI ORTI DI CESARE;VIA DEGLI ORTI DI CESARE;;;Scontro frontale/laterale SX fra veicoli in marcia;Intersezione semaforizzata;Una carreggiata a doppio senso;Asciutto;Asfaltata;Verticale ed orizzontale;Sereno;Normale;Buona;Sufficiente;0;0;0;6;;;-1;2;Autovettura privata;In marcia / fermata / arresto;Conducente;M;Illeso;0;;Non accertato;Inesistente
1817010;16;01/11/2009 00:45;Strada Urbana;VIA PORTUENSE;all'intersezione semaforizzata con;VIA DEGLI ORTI DI CESARE;VIA DEGLI ORTI DI CESARE;;;Scontro frontale/laterale SX fra veicoli in marcia;Intersezione semaforizzata;Una carreggiata a doppio senso;Asciutto;Asfaltata;Verticale ed orizzontale;Sereno;Normale;Buona;Sufficiente;0;0;0;6;;;-1;2;Autovettura privata;In marcia / fermata / arresto;Passeggero;M;Illeso;0;;Non accertato;Inesistente
1817011;16;01/11/2009 19:10;Strada Urbana;PIAZZA FONTEIANA;da specificare;;;;ALTEZZA  V.CLEONIA;Veicolo in marcia contro veicolo in sosta;Pendenza;Una carreggiata a senso unico di marcia;Asciutto;Asfaltata;Assente;Sereno;Scarso;Sufficiente;Sufficiente;0;0;0;1;;;-1;2;Autovettura privata;In marcia / fermata / arresto;Conducente;F;Illeso;0;;Non accertato;Inesistente
1817012;18;01/11/2009 20:30;Strada Urbana;VIA AURELIA;all'intersezione con;VIA DI PORTA PERTUSA;VIA DI PORTA PERTUSA;;;Scontro laterale fra veicoli in marcia;Incrocio;Una carreggiata a doppio senso;Asciutto;Asfaltata;Verticale ed orizzontale;Sereno;Normale;Buona;Sufficiente;1;0;0;1;;;-1;1;Autovettura privata;In marcia / fermata / arresto;Conducente;M;Illeso;0;;Non accertato;Inesploso
1817012;18;01/11/2009 20:30;Strada Urbana;VIA AURELIA;all'intersezione con;VIA DI PORTA PERTUSA;VIA DI PORTA PERTUSA;;;Scontro laterale fra veicoli in marcia;Incrocio;Una carreggiata a doppio senso;Asciutto;Asfaltata;Verticale ed orizzontale;Sereno;Normale;Buona;Sufficiente;1;0;0;1;;;-1;2;Ciclomotore;In marcia / fermata / arresto;Conducente;F;Rimandato;0;NON DECEDUTO;Non accertato;Inesistente
1817013;18;01/11/2009 23:15;Strada Urbana;VIA GREGORIO VII;all'intersezione con;VIA S. DAMASO;VIA S. DAMASO;;;Scontro frontale fra veicoli in marcia;Intersezione stradale segnalata;Due carreggiate;Asciutto;Asfaltata;Verticale ed orizzontale;Sereno;Normale;Buona;Sufficiente;0;0;0;2;;;-1;1;Autovettura privata;In marcia / fermata / arresto;Conducente;M;Illeso;0;;Non accertato;Inesistente
1817013;18;01/11/2009 23:15;Strada Urbana;VIA GREGORIO VII;all'intersezione con;VIA S. DAMASO;VIA S. DAMASO;;;Scontro frontale fra veicoli in marcia;Intersezione stradale segnalata;Due carreggiate;Asciutto;Asfaltata;Verticale ed orizzontale;Sereno;Normale;Buona;Sufficiente;0;0;0;2;;;-1;2;Autovettura pubblica;In marcia / fermata / arresto;Conducente;M;Illeso;0;;Esente;Inesploso
1817014;18;02/11/2009 23:45;Statale;VIA AURELIA;in corrispondenza;;del civico n. ;1051;;Veicolo in marcia contro ostacolo fisso;Curva senza visuale libera;Due carreggiate;Asciutto;Asfaltata;Verticale ed orizzontale;Nuvoloso;Scarso;Sufficiente;Sufficiente;1;0;0;1;;;-1;1;Autovettura privata;In marcia / fermata / arresto;Conducente;M;Ricoverato;0;NON DECEDUTO;Non accertato;Inesploso
1817014;18;02/11/2009 23:45;Statale;VIA AURELIA;in corrispondenza;;del civico n. ;1051;;Veicolo in marcia contro ostacolo fisso;Curva senza visuale libera;Due carreggiate;Asciutto;Asfaltata;Verticale ed orizzontale;Nuvoloso;Scarso;Sufficiente;Sufficiente;1;0;0;1;;;-1;2;Autovettura privata;In marcia / fermata / arresto;Conducente;M;Illeso;0;;Non accertato;Inesploso
1817015;18;02/11/2009 09:30;Strada Urbana;VIA DI BOCCEA;in corrispondenza;;del civico n. ;163;;Tamponamento;Rettilineo;Una carreggiata a doppio senso;Asciutto;Asfaltata;Verticale ed orizzontale;Sereno;Normale;Buona;Ore Diurne;1;0;0;4;;;-1;1;Autovettura privata;In marcia / fermata / arresto;Conducente;M;Illeso;0;;Non accertato;Inesploso
1817015;18;02/11/2009 09:30;Strada Urbana;VIA DI BOCCEA;in corrispondenza;;del civico n. ;163;;Tamponamento;Rettilineo;Una carreggiata a doppio senso;Asciutto;Asfaltata;Verticale ed orizzontale;Sereno;Normale;Buona;Ore Diurne;1;0;0;4;;;-1;1;Autovettura privata;In marcia / fermata / arresto;Passeggero;F;Illeso;0;;Non accertato;Inesploso
1817015;18;02/11/2009 09:30;Strada Urbana;VIA DI BOCCEA;in corrispondenza;;del civico n. ;163;;Tamponamento;Rettilineo;Una carreggiata a doppio senso;Asciutto;Asfaltata;Verticale ed orizzontale;Sereno;Normale;Buona;Ore Diurne;1;0;0;4;;;-1;1;Autovettura privata;In marcia / fermata / arresto;Passeggero;M;Illeso;0;;Non accertato;Inesploso
1817015;18;02/11/2009 09:30;Strada Urbana;VIA DI BOCCEA;in corrispondenza;;del civico n. ;163;;Tamponamento;Rettilineo;Una carreggiata a doppio senso;Asciutto;Asfaltata;Verticale ed orizzontale;Sereno;Normale;Buona;Ore Diurne;1;0;0;4;;;-1;2;Motociclo con passeggero;In marcia / fermata / arresto;Conducente;M;Illeso;0;;Non accertato;Inesistente
1817015;18;02/11/2009 09:30;Strada Urbana;VIA DI BOCCEA;in corrispondenza;;del civico n. ;163;;Tamponamento;Rettilineo;Una carreggiata a doppio senso;Asciutto;Asfaltata;Verticale ed orizzontale;Sereno;Normale;Buona;Ore Diurne;1;0;0;4;;;-1;2;Motociclo con passeggero;In marcia / fermata / arresto;Passeggero;F;Rimandato;0;NON DECEDUTO;Non accertato;Inesistente
1817016;18;02/11/2009 11:00;Strada Urbana;VIA DI CASAL SELCE;in prossimità;;del civico n. ;80;;Veicolo in marcia contro ostacolo fisso;Rettilineo;Una carreggiata a doppio senso;Asciutto;Asfaltata;Orizzontale;Nuvoloso;Normale;Buona;Ore Diurne;1;0;0;0;;;-1;1;Autovettura privata;In marcia / fermata / arresto;Conducente;F;Rimandato;0;NON DECEDUTO;Non accertato;Inesistente
1817017;18;02/11/2009 13:45;Strada Urbana;VIA BALDO DEGLI UBALDI;in corrispondenza;;del civico n. ;38;;Infortunio per caduta del veicolo;Rettilineo;Due carreggiate;Bagnato (pioggia);Asfaltata;Orizzontale;Pioggia in atto;Normale;Sufficiente;Ore Diurne;1;0;0;1;;;-1;1;Autovettura privata;In marcia / fermata / arresto;Conducente;F;Illeso;0;;Non accertato;Inesploso
1817017;18;02/11/2009 13:45;Strada Urbana;VIA BALDO DEGLI UBALDI;in corrispondenza;;del civico n. ;38;;Infortunio per caduta del veicolo;Rettilineo;Due carreggiate;Bagnato (pioggia);Asfaltata;Orizzontale;Pioggia in atto;Normale;Sufficiente;Ore Diurne;1;0;0;1;;;-1;2;Motociclo a solo;In marcia / fermata / arresto;Conducente;M;Rifiuta cure immediate;0;NON DECEDUTO;Non accertato;Inesistente
1817018;18;02/11/2009 15:45;Strada Urbana;VIA AURELIA;all'intersezione con;VIA DI PORTA PERTUSA;VIA DI PORTA PERTUSA;;;Scontro frontale/laterale SX fra veicoli in marcia;Intersezione non regolata/non segnalata;Una carreggiata a doppio senso;Bagnato (pioggia);Asfaltata;Verticale ed orizzontale;Pioggia in atto;Normale;Buona;Ore Diurne;1;0;0;1;;;-1;1;Autovettura privata;In marcia / fermata / arresto;Conducente;M;Illeso;0;;Non accertato;Inesistente
1817018;18;02/11/2009 15:45;Strada Urbana;VIA AURELIA;all'intersezione con;VIA DI PORTA PERTUSA;VIA DI PORTA PERTUSA;;;Scontro frontale/laterale SX fra veicoli in marcia;Intersezione non regolata/non segnalata;Una carreggiata a doppio senso;Bagnato (pioggia);Asfaltata;Verticale ed orizzontale;Pioggia in atto;Normale;Buona;Ore Diurne;1;0;0;1;;;-1;2;Motociclo a solo;In marcia / fermata / arresto;Conducente;M;Rifiuta cure immediate;0;NON DECEDUTO;Non accertato;Inesistente
1817019;18;02/11/2009 20:15;Strada Urbana;VIA AURELIA;in prossimità;;del civico n. ;77;;Veicolo in marcia contro veicolo in sosta;Rettilineo;Una carreggiata a doppio senso;Bagnato (pioggia);Asfaltata;Verticale ed orizzontale;Pioggia in atto;Normale;Sufficiente;Sufficiente;1;0;0;1;;;-1;1;Autovettura privata;In marcia / fermata / arresto;Conducente;M;Illeso;0;;Non accertato;Inesploso
1817019;18;02/11/2009 20:15;Strada Urbana;VIA AURELIA;in prossimità;;del civico n. ;77;;Veicolo in marcia contro veicolo in sosta;Rettilineo;Una carreggiata a doppio senso;Bagnato (pioggia);Asfaltata;Verticale ed orizzontale;Pioggia in atto;Normale;Sufficiente;Sufficiente;1;0;0;1;;;-1;2;Motociclo a solo;In marcia / fermata / arresto;Conducente;F;Rifiuta cure immediate;0;NON DECEDUTO;Utilizzato;Inesistente
1817020;19;03/11/2009 04:30;Strada Urbana;VIA DELLA STORTA;da specificare;;;;1 Km dalla via Cassia;Scontro frontale fra veicoli in marcia;Curva a visuale libera;Una carreggiata a doppio senso;Asciutto;Asfaltata;Orizzontale;Nuvoloso;Scarso;Sufficiente;Inesistente;1;0;0;0;;;-1;1;Autovettura privata;In marcia / fermata / arresto;Conducente;M;Rimandato;0;NON DECEDUTO;Non accertato;Inesploso
1817021;19;03/11/2009 08:30;Strada Urbana;VIALE DELLE MEDAGLIE D'ORO;in corrispondenza;;del civico n. ;220;;Scontro laterale fra veicoli in marcia;Curva a visuale libera;Una carreggiata a doppio senso;Bagnato (pioggia);Asfaltata;Orizzontale;Pioggia in atto;Normale;Buona;Ore Diurne;0;0;0;2;;;-1;1;Autovettura privata;In marcia / fermata / arresto;Conducente;M;Illeso;0;;Non accertato;Inesploso
1817021;19;03/11/2009 08:30;Strada Urbana;VIALE DELLE MEDAGLIE D'ORO;in corrispondenza;;del civico n. ;220;;Scontro laterale fra veicoli in marcia;Curva a visuale libera;Una carreggiata a doppio senso;Bagnato (pioggia);Asfaltata;Orizzontale;Pioggia in atto;Normale;Buona;Ore Diurne;0;0;0;2;;;-1;2;Motociclo a solo;In marcia / fermata / arresto;Conducente;M;Illeso;0;;Non accertato;Inesistente
1817022;19;03/11/2009 08:40;Strada Urbana;VIA MATTIA BATTISTINI;in corrispondenza;;del civico n. ;582;;Scontro frontale/laterale SX fra veicoli in marcia;Curva a visuale libera;Una carreggiata a doppio senso;Bagnato (pioggia);Asfaltata;Verticale ed orizzontale;Pioggia in atto;Intenso;Buona;Ore Diurne;1;0;0;1;;;-1;1;Autovettura privata;In marcia / fermata / arresto;Conducente;M;Illeso;0;;Non accertato;Inesploso
1817022;19;03/11/2009 08:40;Strada Urbana;VIA MATTIA BATTISTINI;in corrispondenza;;del civico n. ;582;;Scontro frontale/laterale SX fra veicoli in marcia;Curva a visuale libera;Una carreggiata a doppio senso;Bagnato (pioggia);Asfaltata;Verticale ed orizzontale;Pioggia in atto;Intenso;Buona;Ore Diurne;1;0;0;1;;;-1;2;Motociclo a solo;In marcia / fermata / arresto;Conducente;M;Rimandato;0;NON DECEDUTO;Non accertato;Inesistente
1817023;19;03/11/2009 08:45;Strada Urbana;VIA PIETRO MAFFI;in corrispondenza;;del civico n. ;115;;Investimento di pedone;Rettilineo;Una carreggiata a doppio senso;Bagnato (pioggia);Asfaltata;Orizzontale;Pioggia in atto;Normale;Buona;Ore Diurne;1;0;0;2;;;-1;;;;Pedone;M;Rimandato;0;NON DECEDUTO;;
1817023;19;03/11/2009 08:45;Strada Urbana;VIA PIETRO MAFFI;in corrispondenza;;del civico n. ;115;;Investimento di pedone;Rettilineo;Una carreggiata a doppio senso;Bagnato (pioggia);Asfaltata;Orizzontale;Pioggia in atto;Normale;Buona;Ore Diurne;1;0;0;2;;;-1;1;Autovettura privata;In marcia / fermata / arresto;Conducente;M;Illeso;0;;Non accertato;Inesploso
1817023;19;03/11/2009 08:45;Strada Urbana;VIA PIETRO MAFFI;in corrispondenza;;del civico n. ;115;;Investimento di pedone;Rettilineo;Una carreggiata a doppio senso;Bagnato (pioggia);Asfaltata;Orizzontale;Pioggia in atto;Normale;Buona;Ore Diurne;1;0;0;2;;;-1;1;Autovettura privata;In marcia / fermata / arresto;Passeggero;M;Illeso;0;;Non accertato;Inesploso
1817024;19;03/11/2009 08:55;Strada Urbana;GALLERIA GIOVANNI XXIII;in prossimità;;della chilometrica ;1,55;;Veicolo in marcia contro ostacolo fisso;Curva a visuale libera;Una carreggiata a senso unico di marcia;Asciutto;Asfaltata;Verticale ed orizzontale;Sereno;Intenso;Buona;Ore Diurne;1;0;0;0;;;-1;1;Autovettura privata;In marcia / fermata / arresto;Conducente;M;Rimandato;0;NON DECEDUTO;Non accertato;Inesistente
1817025;19;03/11/2009 15:00;Strada Urbana;VIA DI BOCCEA;in prossimità;;della chilometrica ;14;;Ribaltamento senza urto contro ostacolo fisso;Curva senza visuale libera;Una carreggiata a doppio senso;Bagnato (pioggia);Asfaltata;Verticale ed orizzontale;Nuvoloso;Normale;Buona;Ore Diurne;0;0;0;2;;;-1;1;Autovettura privata;In marcia / fermata / arresto;Conducente;M;Illeso;0;;Non accertato;Inesploso
1817025;19;03/11/2009 15:00;Strada Urbana;VIA DI BOCCEA;in prossimità;;della chilometrica ;14;;Ribaltamento senza urto contro ostacolo fisso;Curva senza visuale libera;Una carreggiata a doppio senso;Bagnato (pioggia);Asfaltata;Verticale ed orizzontale;Nuvoloso;Normale;Buona;Ore Diurne;0;0;0;2;;;-1;1;Autovettura privata;In marcia / fermata / arresto;Passeggero;M;Illeso;0;;Non accertato;Inesistente
1817026;19;03/11/2009 20:20;Strada Urbana;VIA DELLA STAZIONE DI OTTAVIA;in prossimità;;del civico n. ;3;;Veicolo in marcia contro veicoli in sosta;Rettilineo;Una carreggiata a senso unico di marcia;Asciutto;Asfaltata;Orizzontale;Sereno;Normale;Buona;Sufficiente;0;0;0;3;;;-1;1;Autovettura privata;In marcia / fermata / arresto;Conducente;M;Illeso;0;;Non accertato;Inesploso
1817026;19;03/11/2009 20:20;Strada Urbana;VIA DELLA STAZIONE DI OTTAVIA;in prossimità;;del civico n. ;3;;Veicolo in marcia contro veicoli in sosta;Rettilineo;Una carreggiata a senso unico di marcia;Asciutto;Asfaltata;Orizzontale;Sereno;Normale;Buona;Sufficiente;0;0;0;3;;;-1;1;Autovettura privata;In marcia / fermata / arresto;Passeggero;M;Illeso;0;;Non accertato;Inesploso
1817026;19;03/11/2009 20:20;Strada Urbana;VIA DELLA STAZIONE DI OTTAVIA;in prossimità;;del civico n. ;3;;Veicolo in marcia contro veicoli in sosta;Rettilineo;Una carreggiata a senso unico di marcia;Asciutto;Asfaltata;Orizzontale;Sereno;Normale;Buona;Sufficiente;0;0;0;3;;;-1;1;Autovettura privata;In marcia / fermata / arresto;Passeggero;M;Illeso;0;;Non accertato;Inesploso
1817028;2;02/11/2009 19:30;Strada Urbana;VIALE DELLE BELLE ARTI;all'intersezione semaforizzata con;VIALE BRUNO BUOZZI;VIALE BRUNO BUOZZI;;;Scontro frontale/laterale SX fra veicoli in marcia;Intersezione semaforizzata;Una carreggiata a doppio senso;Bagnato (pioggia);Asfaltata;Verticale ed orizzontale;Pioggia in atto;Normale;Buona;Ore Diurne;2;0;0;1;;;-1;1;Autovettura privata;In marcia / fermata / arresto;Conducente;M;Illeso;0;;Non accertato;Inesistente
1817028;2;02/11/2009 19:30;Strada Urbana;VIALE DELLE BELLE ARTI;all'intersezione semaforizzata con;VIALE BRUNO BUOZZI;VIALE BRUNO BUOZZI;;;Scontro frontale/laterale SX fra veicoli in marcia;Intersezione semaforizzata;Una carreggiata a doppio senso;Bagnato (pioggia);Asfaltata;Verticale ed orizzontale;Pioggia in atto;Normale;Buona;Ore Diurne;2;0;0;1;;;-1;2;Autovettura privata;In marcia / fermata / arresto;Conducente;F;Rimandato;0;NON DECEDUTO;Non accertato;Inesistente
1817028;2;02/11/2009 19:30;Strada Urbana;VIALE DELLE BELLE ARTI;all'intersezione semaforizzata con;VIALE BRUNO BUOZZI;VIALE BRUNO BUOZZI;;;Scontro frontale/laterale SX fra veicoli in marcia;Intersezione semaforizzata;Una carreggiata a doppio senso;Bagnato (pioggia);Asfaltata;Verticale ed orizzontale;Pioggia in atto;Normale;Buona;Ore Diurne;2;0;0;1;;;-1;3;Motociclo a solo;In marcia / fermata / arresto;Conducente;F;Rimandato;0;NON DECEDUTO;Non accertato;Inesistente
1817029;2;02/11/2009 09:50;Strada Urbana;VIA TOMMASO SALVINI;all'intersezione con;VIA DI VILLA S. FILIPPO;VIA DI VILLA S. FILIPPO;;;Scontro laterale fra veicoli in marcia;Incrocio;Una carreggiata a senso unico di marcia;Asciutto;Asfaltata;Orizzontale;Nuvoloso;Normale;Buona;Ore Diurne;1;0;0;1;;;-1;1;Autovettura privata;In marcia / fermata / arresto;Conducente;M;Illeso;0;;Non accertato;Inesistente
1817029;2;02/11/2009 09:50;Strada Urbana;VIA TOMMASO SALVINI;all'intersezione con;VIA DI VILLA S. FILIPPO;VIA DI VILLA S. FILIPPO;;;Scontro laterale fra veicoli in marcia;Incrocio;Una carreggiata a senso unico di marcia;Asciutto;Asfaltata;Orizzontale;Nuvoloso;Normale;Buona;Ore Diurne;1;0;0;1;;;-1;2;Motociclo a solo;In marcia / fermata / arresto;Conducente;F;Rimandato;0;NON DECEDUTO;Non accertato;Inesistente
1817030;2;02/11/2009 12:20;Strada Urbana;VIALE DEL MURO TORTO;in prossimità;;del civico n. ;5;;Scontro frontale/laterale SX fra veicoli in marcia;Curva a visuale libera;Una carreggiata a doppio senso;Asciutto;Asfaltata;Verticale ed orizzontale;Sereno;Scarso;Sufficiente;Sufficiente;1;0;0;2;;;-1;1;Autovettura privata;In marcia / fermata / arresto;Conducente;F;Illeso;0;;Non accertato;Inesistente
1817030;2;02/11/2009 12:20;Strada Urbana;VIALE DEL MURO TORTO;in prossimità;;del civico n. ;5;;Scontro frontale/laterale SX fra veicoli in marcia;Curva a visuale libera;Una carreggiata a doppio senso;Asciutto;Asfaltata;Verticale ed orizzontale;Sereno;Scarso;Sufficiente;Sufficiente;1;0;0;2;;;-1;2;Autovettura privata;In marcia / fermata / arresto;Conducente;F;Illeso;0;;Non accertato;Inesistente
1817030;2;02/11/2009 12:20;Strada Urbana;VIALE DEL MURO TORTO;in prossimità;;del civico n. ;5;;Scontro frontale/laterale SX fra veicoli in marcia;Curva a visuale libera;Una carreggiata a doppio senso;Asciutto;Asfaltata;Verticale ed orizzontale;Sereno;Scarso;Sufficiente;Sufficiente;1;0;0;2;;;-1;2;Autovettura privata;In marcia / fermata / arresto;Passeggero;M;Ricoverato;0;NON DECEDUTO;Non accertato;Inesistente