Protocollo;Gruppo;DataOraIncidente;Localizzazione1;STRADA1;Localizzazione2;STRADA2;Strada02;Chilometrica;DaSpecificare;NaturaIncidente;particolaritastrade;TipoStrada;FondoStradale;Pavimentazione;Segnaletica;CondizioneAtmosferica;Traffico;Visibilita;Illuminazione;NUM_FERITI;NUM_RISERVATA;NUM_MORTI;NUM_ILLESI;Longitudine;Latitudine;Confermato;Progressivo;TipoVeicolo;StatoVeicolo;TipoPersona;Sesso;Tipolesione;Deceduto;DecedutoDopo;CinturaCascoUtilizzato;Airbag
1817254;1;05/11/2009 10:15;Strada Urbana;VIALE MANZONI;all'intersezione con;VIA ARIOSTO;VIA ARIOSTO;;;Investimento di pedone;Incrocio;Una carreggiata a doppio senso;Asciutto;Asfaltata;Verticale ed orizzontale;Nuvoloso;Normale;Buona;Ore Diurne;1;0;0;1;;;-1;1;Autovettura privata;In marcia / fermata / arresto;Conducente;M;Illeso;0;;Non accertato;Inesistente
1817255;1;05/11/2009 11:00;Strada Urbana;PIAZZA DEL PORTO DI RIPETTA;all'intersezione semaforizzata con;VIA TOMACELLI;VIA TOMACELLI;;;Scontro frontale/laterale DX fra veicoli in marcia;Intersezione semaforizzata;Una carreggiata a doppio senso;Asciutto;Acciotolata;Verticale;Sereno;Normale;Buona;Ore Diurne;2;0;0;0;;;-1;1;Motociclo a solo;In marcia / fermata / arresto;Conducente;M;Rifiuta cure immediate;0;NON DECEDUTO;Utilizzato;Inesistente
1817255;1;05/11/2009 11:00;Strada Urbana;PIAZZA DEL PORTO DI RIPETTA;all'intersezione semaforizzata con;VIA TOMACELLI;VIA TOMACELLI;;;Scontro frontale/laterale DX fra veicoli in marcia;Intersezione semaforizzata;Una carreggiata a doppio senso;Asciutto;Acciotolata;Verticale;Sereno;Normale;Buona;Ore Diurne;2;0;0;0;;;-1;2;Motociclo a solo;In marcia / fermata / arresto;Conducente;M;Rifiuta cure immediate;0;NON DECEDUTO;Utilizzato;Inesistente
1817256;1;05/11/2009 14:30;Strada Urbana;VIA PALERMO;all'intersezione con;VIA AGOSTINO DEPRETIS;VIA AGOSTINO DEPRETIS;;;Investimento di pedone;Incrocio;Una carreggiata a senso unico di marcia;Asciutto;Acciotolata;Verticale ed orizzontale;Nuvoloso;Scarso;Buona;Ore Diurne;1;0;0;1;;;-1;;;;Pedone;F;Rimandato;0;NON DECEDUTO;;
1817256;1;05/11/2009 14:30;Strada Urbana;VIA PALERMO;all'intersezione con;VIA AGOSTINO DEPRETIS;VIA AGOSTINO DEPRETIS;;;Investimento di pedone;Incrocio;Una carreggiata a senso unico di marcia;Asciutto;Acciotolata;Verticale ed orizzontale;Nuvoloso;Scarso;Buona;Ore Diurne;1;0;0;1;;;-1;1;Autovettura privata;In marcia / fermata / arresto;Conducente;M;Illeso;0;;Utilizzato;Inesistente
1817257;1;05/11/2009 15:15;Strada Urbana;VIALE PRETORIANO;da specificare;;;;ALTEZZA DISTRIBUTORE ERG;Tamponamento;Rettilineo;Una carreggiata a doppio senso;Asciutto;Asfaltata;Verticale ed orizzontale;Nuvoloso;Normale;Buona;Ore Diurne;1;0;0;2;;;-1;1;Motociclo a solo;In marcia / fermata / arresto;Conducente;M;Rimandato;0;NON DECEDUTO;Non accertato;Inesistente
1817257;1;05/11/2009 15:15;Strada Urbana;VIALE PRETORIANO;da specificare;;;;ALTEZZA DISTRIBUTORE ERG;Tamponamento;Rettilineo;Una carreggiata a doppio senso;Asciutto;Asfaltata;Verticale ed orizzontale;Nuvoloso;Normale;Buona;Ore Diurne;1;0;0;2;;;-1;2;Autovettura privata;In marcia / fermata / arresto;Conducente;M;Illeso;0;;Utilizzato;Inesistente
1817257;1;05/11/2009 15:15;Strada Urbana;VIALE PRETORIANO;da specificare;;;;ALTEZZA DISTRIBUTORE ERG;Tamponamento;Rettilineo;Una carreggiata a doppio senso;Asciutto;Asfaltata;Verticale ed orizzontale;Nuvoloso;Normale;Buona;Ore Diurne;1;0;0;2;;;-1;2;Autovettura privata;In marcia / fermata / arresto;Passeggero;F;Illeso;0;;Utilizzato;Inesistente
1817258;1;05/11/2009 17:20;Strada Urbana;VIA DEL CIRCO MASSIMO;in prossimità;;del palo luce n. ;18;;Tamponamento Multiplo;Rettilineo;Una carreggiata a senso unico di marcia;Asciutto;Asfaltata;Orizzontale;Sereno;Intenso;Buona;Sufficiente;0;0;0;4;;;-1;1;Autovettura privata;In marcia / fermata / arresto;Conducente;F;Illeso;0;;Non accertato;Inesistente
1817258;1;05/11/2009 17:20;Strada Urbana;VIA DEL CIRCO MASSIMO;in prossimità;;del palo luce n. ;18;;Tamponamento Multiplo;Rettilineo;Una carreggiata a senso unico di marcia;Asciutto;Asfaltata;Orizzontale;Sereno;Intenso;Buona;Sufficiente;0;0;0;4;;;-1;1;Autovettura privata;In marcia / fermata / arresto;Passeggero;F;Illeso;0;;Utilizzato;Inesploso
1817258;1;05/11/2009 17:20;Strada Urbana;VIA DEL CIRCO MASSIMO;in prossimità;;del palo luce n. ;18;;Tamponamento Multiplo;Rettilineo;Una carreggiata a senso unico di marcia;Asciutto;Asfaltata;Orizzontale;Sereno;Intenso;Buona;Sufficiente;0;0;0;4;;;-1;2;Autovettura pubblica;In marcia / fermata / arresto;Conducente;M;Illeso;0;;Utilizzato;Inesistente
1817258;1;05/11/2009 17:20;Strada Urbana;VIA DEL CIRCO MASSIMO;in prossimità;;del palo luce n. ;18;;Tamponamento Multiplo;Rettilineo;Una carreggiata a senso unico di marcia;Asciutto;Asfaltata;Orizzontale;Sereno;Intenso;Buona;Sufficiente;0;0;0;4;;;-1;3;Autovettura privata;In marcia / fermata / arresto;Conducente;M;Illeso;0;;Non accertato;Inesistente
1817259;1;05/11/2009 18:30;Strada Urbana;PIAZZA DELLA CANCELLERIA;da specificare;;;;ALTEZZA VICOLO DELL' AQUILA ;Scontro laterale fra veicoli in marcia;Rettilineo;Una carreggiata a doppio senso;Asciutto;In cubetti di porfido;Verticale ed orizzontale;Sereno;Intenso;Sufficiente;Sufficiente;0;0;0;2;;;-1;1;Autovettura privata;In marcia / fermata / arresto;Conducente;M;Illeso;0;;Utilizzato;Inesistente
1817259;1;05/11/2009 18:30;Strada Urbana;PIAZZA DELLA CANCELLERIA;da specificare;;;;ALTEZZA VICOLO DELL' AQUILA ;Scontro laterale fra veicoli in marcia;Rettilineo;Una carreggiata a doppio senso;Asciutto;In cubetti di porfido;Verticale ed orizzontale;Sereno;Intenso;Sufficiente;Sufficiente;0;0;0;2;;;-1;2;Autovettura privata;In marcia / fermata / arresto;Conducente;F;Illeso;0;;Utilizzato;Inesistente
1817260;1;05/11/2009 18:30;Strada Urbana;VIA NAZIONALE;in prossimità;;del civico n. ;235;;Veicolo in marcia contro veicolo fermo;Rettilineo;Una carreggiata a doppio senso;Asciutto;In cubetti di porfido;Verticale ed orizzontale;Sereno;Normale;Sufficiente;Sufficiente;0;0;0;2;;;-1;1;Autovettura pubblica;In marcia / fermata / arresto;Conducente;F;Illeso;0;;Non accertato;Inesistente
1817260;1;05/11/2009 18:30;Strada Urbana;VIA NAZIONALE;in prossimità;;del civico n. ;235;;Veicolo in marcia contro veicolo fermo;Rettilineo;Una carreggiata a doppio senso;Asciutto;In cubetti di porfido;Verticale ed orizzontale;Sereno;Normale;Sufficiente;Sufficiente;0;0;0;2;;;-1;2;Autovettura privata;In marcia / fermata / arresto;Conducente;F;Illeso;0;;Non accertato;Inesistente
1817261;1;05/11/2009 19:30;Strada Urbana;PIAZZA DELLA ROVERE;in prossimità;;del civico n. ;83;;Tamponamento;Rettilineo;Una carreggiata a senso unico di marcia;Asciutto;Lastricata;Verticale ed orizzontale;Sereno;Normale;Sufficiente;Sufficiente;0;0;0;3;;;-1;1;Autovettura privata;In marcia / fermata / arresto;Conducente;F;Illeso;0;;Utilizzato;Inesistente
1817261;1;05/11/2009 19:30;Strada Urbana;PIAZZA DELLA ROVERE;in prossimità;;del civico n. ;83;;Tamponamento;Rettilineo;Una carreggiata a senso unico di marcia;Asciutto;Lastricata;Verticale ed orizzontale;Sereno;Normale;Sufficiente;Sufficiente;0;0;0;3;;;-1;1;Autovettura privata;In marcia / fermata / arresto;Passeggero;F;Illeso;0;;Utilizzato;Inesistente
1817261;1;05/11/2009 19:30;Strada Urbana;PIAZZA DELLA ROVERE;in prossimità;;del civico n. ;83;;Tamponamento;Rettilineo;Una carreggiata a senso unico di marcia;Asciutto;Lastricata;Verticale ed orizzontale;Sereno;Normale;Sufficiente;Sufficiente;0;0;0;3;;;-1;2;Motociclo a solo;In marcia / fermata / arresto;Conducente;M;Illeso;0;;Utilizzato;Inesistente
1817262;1;05/11/2009 21:10;Strada Urbana;CORSO VITTORIO EMANUELE II;in prossimità;;del civico n. ;257;;Tamponamento;Rettilineo;Una carreggiata a doppio senso;Asciutto;Asfaltata;Verticale ed orizzontale;Sereno;Normale;Sufficiente;Sufficiente;1;0;0;1;;;-1;1;Motociclo a solo;In marcia / fermata / arresto;Conducente;M;Rimandato;0;NON DECEDUTO;Non accertato;Inesistente
1817262;1;05/11/2009 21:10;Strada Urbana;CORSO VITTORIO EMANUELE II;in prossimità;;del civico n. ;257;;Tamponamento;Rettilineo;Una carreggiata a doppio senso;Asciutto;Asfaltata;Verticale ed orizzontale;Sereno;Normale;Sufficiente;Sufficiente;1;0;0;1;;;-1;2;Autovettura privata;In marcia / fermata / arresto;Conducente;M;Illeso;0;;Non accertato;Inesistente
1817263;1;06/11/2009 01:05;Strada Urbana;VIALE ENRICO DE NICOLA;in prossimità;;del palo luce n. ;15;;Tamponamento;Rettilineo;Una carreggiata a doppio senso;Bagnato (pioggia);In cubetti di porfido;Verticale ed orizzontale;Pioggia in atto;Scarso;Sufficiente;Sufficiente;1;0;0;0;;;-1;1;Autovettura privata;In marcia / fermata / arresto;Conducente;M;Rimandato;0;NON DECEDUTO;Non accertato;Inesistente
1817264;1;06/11/2009 05:40;Strada Urbana;PIAZZA TESTACCIO;all'intersezione con;VIA ALDO MANUZIO;VIA ALDO MANUZIO;;;Scontro frontale/laterale SX fra veicoli in marcia;Incrocio;Una carreggiata a senso unico di marcia;Bagnato (umidità in atto);Asfaltata;Verticale ed orizzontale;Nuvoloso;Scarso;Sufficiente;Sufficiente;2;0;0;1;;;-1;1;Autovettura privata;In marcia / fermata / arresto;Conducente;M;Illeso;0;;Non accertato;Inesistente
1817264;1;06/11/2009 05:40;Strada Urbana;PIAZZA TESTACCIO;all'intersezione con;VIA ALDO MANUZIO;VIA ALDO MANUZIO;;;Scontro frontale/laterale SX fra veicoli in marcia;Incrocio;Una carreggiata a senso unico di marcia;Bagnato (umidità in atto);Asfaltata;Verticale ed orizzontale;Nuvoloso;Scarso;Sufficiente;Sufficiente;2;0;0;1;;;-1;2;Autovettura di polizia;In marcia / fermata / arresto;Conducente;M;Rifiuta cure immediate;0;NON DECEDUTO;Non accertato;Inesistente
1817264;1;06/11/2009 05:40;Strada Urbana;PIAZZA TESTACCIO;all'intersezione con;VIA ALDO MANUZIO;VIA ALDO MANUZIO;;;Scontro frontale/laterale SX fra veicoli in marcia;Incrocio;Una carreggiata a senso unico di marcia;Bagnato (umidità in atto);Asfaltata;Verticale ed orizzontale;Nuvoloso;Scarso;Sufficiente;Sufficiente;2;0;0;1;;;-1;2;Autovettura di polizia;In marcia / fermata / arresto;Passeggero;M;Rifiuta cure immediate;0;NON DECEDUTO;Non accertato;Inesistente
1817266;1;06/11/2009 07:55;Strada Urbana;PIAZZA GIAN LORENZO BERNINI;in corrispondenza;;del civico n. ;26;;Scontro frontale/laterale DX fra veicoli in marcia;Rettilineo;Una carreggiata a senso unico di marcia;Bagnato (pioggia);Asfaltata;Verticale ed orizzontale;Nuvoloso;Normale;Buona;Ore Diurne;1;0;0;1;;;-1;1;Autovettura privata;In marcia / fermata / arresto;Conducente;F;Illeso;0;;Non accertato;Inesistente
1817266;1;06/11/2009 07:55;Strada Urbana;PIAZZA GIAN LORENZO BERNINI;in corrispondenza;;del civico n. ;26;;Scontro frontale/laterale DX fra veicoli in marcia;Rettilineo;Una carreggiata a senso unico di marcia;Bagnato (pioggia);Asfaltata;Verticale ed orizzontale;Nuvoloso;Normale;Buona;Ore Diurne;1;0;0;1;;;-1;2;Motociclo a solo;In marcia / fermata / arresto;Conducente;M;Rimandato;0;NON DECEDUTO;Non accertato;Inesistente
1817267;1;06/11/2009 10:05;Strada Urbana;VIA CAVOUR;in corrispondenza;;del civico n. ;181/A ;;Investimento di pedone;Rettilineo;Una carreggiata a doppio senso;Bagnato (pioggia);Asfaltata;Verticale ed orizzontale;Pioggia in atto;Intenso;Buona;Ore Diurne;1;0;0;0;;;-1;1;Motociclo a solo;In marcia / fermata / arresto;Conducente;M;Rifiuta cure immediate;0;NON DECEDUTO;Utilizzato;Inesistente
1817268;1;06/11/2009 13:15;Strada Urbana;VIALE DELLE TERME DI CARACALLA;da specificare;;;;TRATTO P.LE NUMA POMPILIO L.GO TERME DI CARACALLA;Tamponamento;Rettilineo;Una carreggiata a doppio senso;Bagnato (pioggia);Asfaltata;Orizzontale;Pioggia in atto;Normale;Buona;Ore Diurne;0;0;0;3;;;-1;1;Autovettura privata;In marcia / fermata / arresto;Conducente;M;Illeso;0;;Non accertato;Inesistente
1817268;1;06/11/2009 13:15;Strada Urbana;VIALE DELLE TERME DI CARACALLA;da specificare;;;;TRATTO P.LE NUMA POMPILIO L.GO TERME DI CARACALLA;Tamponamento;Rettilineo;Una carreggiata a doppio senso;Bagnato (pioggia);Asfaltata;Orizzontale;Pioggia in atto;Normale;Buona;Ore Diurne;0;0;0;3;;;-1;1;Autovettura privata;In marcia / fermata / arresto;Passeggero;F;Illeso;0;;Non utilizzato;Inesploso
1817268;1;06/11/2009 13:15;Strada Urbana;VIALE DELLE TERME DI CARACALLA;da specificare;;;;TRATTO P.LE NUMA POMPILIO L.GO TERME DI CARACALLA;Tamponamento;Rettilineo;Una carreggiata a doppio senso;Bagnato (pioggia);Asfaltata;Orizzontale;Pioggia in atto;Normale;Buona;Ore Diurne;0;0;0;3;;;-1;2;Autovettura di polizia;In marcia / fermata / arresto;Conducente;M;Illeso;0;;Non accertato;Inesploso
1817269;1;06/11/2009 17:30;Strada Urbana;VIA DEL TEATRO DI MARCELLO;in corrispondenza;;del palo luce n. ;21;;Veicolo in marcia contro ostacolo accidentale;Rettilineo;Una carreggiata a doppio senso;Bagnato (pioggia);Acciotolata;Orizzontale;Pioggia in atto;Scarso;Sufficiente;Sufficiente;1;0;0;0;;;-1;1;Ciclomotore;In marcia / fermata / arresto;Conducente;F;Rimandato;0;NON DECEDUTO;Utilizzato;Inesistente
1817270;1;06/11/2009 18:10;Strada Urbana;VIA GIOBERTI;in prossimità;;del civico n. ;37;;Scontro laterale fra veicoli in marcia;Rettilineo;Una carreggiata a senso unico di marcia;Bagnato (pioggia);Asfaltata;Verticale ed orizzontale;Nuvoloso;Intenso;Buona;Ore Diurne;0;0;0;2;;;-1;1;Autovettura privata;In marcia / fermata / arresto;Conducente;F;Illeso;0;;Utilizzato;Inesistente
1817270;1;06/11/2009 18:10;Strada Urbana;VIA GIOBERTI;in prossimità;;del civico n. ;37;;Scontro laterale fra veicoli in marcia;Rettilineo;Una carreggiata a senso unico di marcia;Bagnato (pioggia);Asfaltata;Verticale ed orizzontale;Nuvoloso;Intenso;Buona;Ore Diurne;0;0;0;2;;;-1;2;Vettura tranviaria;In marcia / fermata / arresto;Conducente;M;Illeso;0;;Utilizzato;Inesistente
1817271;1;06/11/2009 18:30;Strada Urbana;VIA DEL CORSO;in prossimità;;del civico n. ;184;;Scontro laterale fra veicoli in marcia;Rettilineo;Una carreggiata a senso unico di marcia;Bagnato (umidità in atto);Asfaltata;Verticale;Nuvoloso;Normale;Buona;Sufficiente;0;0;0;2;;;-1;1;Autocarro inferiore 35 q.;In marcia / fermata / arresto;Conducente;F;Illeso;0;;Non accertato;Inesistente
1817271;1;06/11/2009 18:30;Strada Urbana;VIA DEL CORSO;in prossimità;;del civico n. ;184;;Scontro laterale fra veicoli in marcia;Rettilineo;Una carreggiata a senso unico di marcia;Bagnato (umidità in atto);Asfaltata;Verticale;Nuvoloso;Normale;Buona;Sufficiente;0;0;0;2;;;-1;2;Autovettura privata;In marcia / fermata / arresto;Conducente;M;Illeso;0;;Non accertato;Inesistente
1817272;1;06/11/2009 19:00;Strada Urbana;VIALE GIOTTO;in corrispondenza;;del civico n. ;1;;Investimento di pedone;Rettilineo;Una carreggiata a doppio senso;Bagnato (umidità in atto);Asfaltata;Verticale ed orizzontale;Nuvoloso;Normale;Buona;Sufficiente;1;0;0;1;;;-1;;;;Pedone;M;Rimandato;0;NON DECEDUTO;;
1817272;1;06/11/2009 19:00;Strada Urbana;VIALE GIOTTO;in corrispondenza;;del civico n. ;1;;Investimento di pedone;Rettilineo;Una carreggiata a doppio senso;Bagnato (umidità in atto);Asfaltata;Verticale ed orizzontale;Nuvoloso;Normale;Buona;Sufficiente;1;0;0;1;;;-1;1;Autovettura privata;In marcia / fermata / arresto;Conducente;M;Illeso;0;;Non accertato;Inesistente
1817273;1;07/11/2009 01:20;Strada Urbana;PIAZZA ORAZIO GIUSTINIANI;all'intersezione con;VIA GALVANI;VIA GALVANI;;;Tamponamento;Incrocio;Una carreggiata a doppio senso;Asciutto;Asfaltata;Assente;Nuvoloso;Intenso;Buona;Sufficiente;0;0;0;3;;;-1;1;Autovettura privata;In marcia / fermata / arresto;Conducente;M;Illeso;0;;Utilizzato;Inesistente
1817273;1;07/11/2009 01:20;Strada Urbana;PIAZZA ORAZIO GIUSTINIANI;all'intersezione con;VIA GALVANI;VIA GALVANI;;;Tamponamento;Incrocio;Una carreggiata a doppio senso;Asciutto;Asfaltata;Assente;Nuvoloso;Intenso;Buona;Sufficiente;0;0;0;3;;;-1;1;Autovettura privata;In marcia / fermata / arresto;Passeggero;M;Illeso;0;;Utilizzato;Inesistente
1817273;1;07/11/2009 01:20;Strada Urbana;PIAZZA ORAZIO GIUSTINIANI;all'intersezione con;VIA GALVANI;VIA GALVANI;;;Tamponamento;Incrocio;Una carreggiata a doppio senso;Asciutto;Asfaltata;Assente;Nuvoloso;Intenso;Buona;Sufficiente;0;0;0;3;;;-1;2;Autovettura pubblica;In marcia / fermata / arresto;Conducente;M;Illeso;0;;Utilizzato;Inesistente
1817274;1;07/11/2009 02:30;Strada Urbana;VIALE MANZONI;all'intersezione semaforizzata con;VIA DI S. CROCE IN GERUSALEMME;VIA DI S. CROCE IN GERUSALEMME;;;Scontro frontale/laterale DX fra veicoli in marcia;Incrocio;Una carreggiata a doppio senso;Bagnato (umidità in atto);Asfaltata;Verticale ed orizzontale;Sereno;Normale;Buona;Sufficiente;1;0;0;3;;;-1;1;Autovettura privata;In marcia / fermata / arresto;Conducente;M;Rifiuta cure immediate;0;NON DECEDUTO;Non accertato;Inesistente
1817274;1;07/11/2009 02:30;Strada Urbana;VIALE MANZONI;all'intersezione semaforizzata con;VIA DI S. CROCE IN GERUSALEMME;VIA DI S. CROCE IN GERUSALEMME;;;Scontro frontale/laterale DX fra veicoli in marcia;Incrocio;Una carreggiata a doppio senso;Bagnato (umidità in atto);Asfaltata;Verticale ed orizzontale;Sereno;Normale;Buona;Sufficiente;1;0;0;3;;;-1;2;Autovettura privata;In marcia / fermata / arresto;Conducente;M;Illeso;0;;Non accertato;Inesistente
1817274;1;07/11/2009 02:30;Strada Urbana;VIALE MANZONI;all'intersezione semaforizzata con;VIA DI S. CROCE IN GERUSALEMME;VIA DI S. CROCE IN GERUSALEMME;;;Scontro frontale/laterale DX fra veicoli in marcia;Incrocio;Una carreggiata a doppio senso;Bagnato (umidità in atto);Asfaltata;Verticale ed orizzontale;Sereno;Normale;Buona;Sufficiente;1;0;0;3;;;-1;2;Autovettura privata;In marcia / fermata / arresto;Passeggero;M;Illeso;0;;Non accertato;Inesistente
1817275;1;02/11/2009 08:45;Strada Urbana;LARGO DELLE TERME DI CARACALLA;all'intersezione semaforizzata con;VIALE DELLE TERME DI CARACALLA;VIALE DELLE TERME DI CARACALLA;;;Tamponamento;Intersezione semaforizzata;Due carreggiate;Asciutto;Asfaltata;Verticale ed orizzontale;Sereno;Intenso;Buona;Ore Diurne;2;0;0;0;;;-1;1;Autovettura privata;In marcia / fermata / arresto;Conducente;F;Rimandato;0;NON DECEDUTO;Non accertato;Inesistente
1817275;1;02/11/2009 08:45;Strada Urbana;LARGO DELLE TERME DI CARACALLA;all'intersezione semaforizzata con;VIALE DELLE TERME DI CARACALLA;VIALE DELLE TERME DI CARACALLA;;;Tamponamento;Intersezione semaforizzata;Due carreggiate;Asciutto;Asfaltata;Verticale ed orizzontale;Sereno;Intenso;Buona;Ore Diurne;2;0;0;0;;;-1;2;Motociclo a solo;In marcia / fermata / arresto;Conducente;F;Rimandato;0;NON DECEDUTO;Non accertato;Inesistente
1817276;1;08/11/2009 10:00;Strada Urbana;PIAZZA ALBANIA;all'intersezione semaforizzata con;VIA DI S. SABA;VIA DI S. SABA;;;Tamponamento;Intersezione semaforizzata;Più di due carreggiate;Bagnato (pioggia);Acciotolata;Verticale ed orizzontale;Pioggia in atto;Normale;Buona;Ore Diurne;1;0;0;2;;;-1;1;Autovettura privata;In marcia / fermata / arresto;Conducente;M;Illeso;0;;Non accertato;Inesistente
1817276;1;08/11/2009 10:00;Strada Urbana;PIAZZA ALBANIA;all'intersezione semaforizzata con;VIA DI S. SABA;VIA DI S. SABA;;;Tamponamento;Intersezione semaforizzata;Più di due carreggiate;Bagnato (pioggia);Acciotolata;Verticale ed orizzontale;Pioggia in atto;Normale;Buona;Ore Diurne;1;0;0;2;;;-1;2;Autovettura privata;In marcia / fermata / arresto;Conducente;M;Rifiuta cure immediate;0;NON DECEDUTO;Non utilizzato;Inesistente
1817276;1;08/11/2009 10:00;Strada Urbana;PIAZZA ALBANIA;all'intersezione semaforizzata con;VIA DI S. SABA;VIA DI S. SABA;;;Tamponamento;Intersezione semaforizzata;Più di due carreggiate;Bagnato (pioggia);Acciotolata;Verticale ed orizzontale;Pioggia in atto;Normale;Buona;Ore Diurne;1;0;0;2;;;-1;2;Autovettura privata;In marcia / fermata / arresto;Passeggero;F;Illeso;0;;Non accertato;Inesistente
1817277;1;08/11/2009 16:00;Strada Urbana;PIAZZA VITTORIO EMANUELE II;in corrispondenza;;del civico n. ;138;;Scontro frontale/laterale DX fra veicoli in marcia;Curva a visuale libera;Una carreggiata a doppio senso;Bagnato (pioggia);Asfaltata;Verticale ed orizzontale;Nuvoloso;Scarso;Sufficiente;Sufficiente;0;0;0;2;;;-1;1;Autovettura privata;In marcia / fermata / arresto;Conducente;M;Illeso;0;;Non accertato;Inesistente
1817277;1;08/11/2009 16:00;Strada Urbana;PIAZZA VITTORIO EMANUELE II;in corrispondenza;;del civico n. ;138;;Scontro frontale/laterale DX fra veicoli in marcia;Curva a visuale libera;Una carreggiata a doppio senso;Bagnato (pioggia);Asfaltata;Verticale ed orizzontale;Nuvoloso;Scarso;Sufficiente;Sufficiente;0;0;0;2;;;-1;2;Autovettura privata;In marcia / fermata / arresto;Conducente;M;Illeso;0;;Non accertato;Inesistente
1817278;1;08/11/2009 20:05;Strada Urbana;VIA DI S. GREGORIO;in prossimità;;del palo luce n. ;12;;Veicolo in marcia contro ostacolo fisso;Curva a visuale libera;Due carreggiate;Bagnato (pioggia);In cubetti di porfido;Verticale;Pioggia in atto;Normale;Sufficiente;Sufficiente;0;0;0;2;;;-1;1;Autovettura privata;In marcia / fermata / arresto;Conducente;F;Illeso;0;;Non accertato;Inesploso
1817278;1;08/11/2009 20:05;Strada Urbana;VIA DI S. GREGORIO;in prossimità;;del palo luce n. ;12;;Veicolo in marcia contro ostacolo fisso;Curva a visuale libera;Due carreggiate;Bagnato (pioggia);In cubetti di porfido;Verticale;Pioggia in atto;Normale;Sufficiente;Sufficiente;0;0;0;2;;;-1;1;Autovettura privata;In marcia / fermata / arresto;Passeggero;M;Illeso;0;;Non accertato;Inesistente
1817279;1;08/11/2009 20:35;Strada Urbana;PIAZZA DI PONTE S. ANGELO;all'intersezione semaforizzata con;VIA DEL BANCO DI S. SPIRITO;VIA DEL BANCO DI S. SPIRITO;;;Investimento di pedone;Incrocio;Una carreggiata a senso unico di marcia;Bagnato (pioggia);Asfaltata;Verticale ed orizzontale;Pioggia in atto;Normale;Sufficiente;Sufficiente;1;0;0;1;;;-1;;;;Pedone;M;Rimandato;0;NON DECEDUTO;;
1817279;1;08/11/2009 20:35;Strada Urbana;PIAZZA DI PONTE S. ANGELO;all'intersezione semaforizzata con;VIA DEL BANCO DI S. SPIRITO;VIA DEL BANCO DI S. SPIRITO;;;Investimento di pedone;Incrocio;Una carreggiata a senso unico di marcia;Bagnato (pioggia);Asfaltata;Verticale ed orizzontale;Pioggia in atto;Normale;Sufficiente;Sufficiente;1;0;0;1;;;-1;1;Autovettura privata;In marcia / fermata / arresto;Conducente;F;Illeso;0;;Utilizzato;Inesistente
1817280;10;02/11/2009 08:10;Strada Urbana;VIA TUSCOLANA;all'intersezione con;LARGO APPIO CLAUDIO;LARGO APPIO CLAUDIO;;;Scontro frontale/laterale SX fra veicoli in marcia;Incrocio;Una carreggiata a senso unico di marcia;Asciutto;Asfaltata;Verticale;Sereno;Normale;Buona;Ore Diurne;0;0;0;2;;;-1;1;Autovettura privata;In marcia / fermata / arresto;Conducente;F;Illeso;0;;Non accertato;Inesploso
1817280;10;02/11/2009 08:10;Strada Urbana;VIA TUSCOLANA;all'intersezione con;LARGO APPIO CLAUDIO;LARGO APPIO CLAUDIO;;;Scontro frontale/laterale SX fra veicoli in marcia;Incrocio;Una carreggiata a senso unico di marcia;Asciutto;Asfaltata;Verticale;Sereno;Normale;Buona;Ore Diurne;0;0;0;2;;;-1;2;Motociclo a solo;In marcia / fermata / arresto;Conducente;M;Illeso;0;;Non accertato;Inesploso
1817281;10;02/11/2009 15:15;Strada Urbana;VIALE PALMIRO TOGLIATTI;all'intersezione semaforizzata con;VIA GIUSEPPE CHIOVENDA;VIA GIUSEPPE CHIOVENDA;;;Scontro frontale/laterale SX fra veicoli in marcia;Intersezione semaforizzata;Una carreggiata a doppio senso;Bagnato (pioggia);Asfaltata;Verticale ed orizzontale;Pioggia in atto;Normale;Buona;Ore Diurne;0;0;0;2;;;-1;1;Autovettura privata;In marcia / fermata / arresto;Conducente;F;Illeso;0;;Non accertato;Inesistente
1817281;10;02/11/2009 15:15;Strada Urbana;VIALE PALMIRO TOGLIATTI;all'intersezione semaforizzata con;VIA GIUSEPPE CHIOVENDA;VIA GIUSEPPE CHIOVENDA;;;Scontro frontale/laterale SX fra veicoli in marcia;Intersezione semaforizzata;Una carreggiata a doppio senso;Bagnato (pioggia);Asfaltata;Verticale ed orizzontale;Pioggia in atto;Normale;Buona;Ore Diurne;0;0;0;2;;;-1;2;Autovettura privata;In marcia / fermata / arresto;Conducente;M;Illeso;0;;Non accertato;Inesploso
1817282;10;03/11/2009 07:25;Strada Urbana;VIA TUSCOLANA;all'intersezione con;VIA ROCCELLA IONICA;VIA ROCCELLA IONICA;;;Scontro frontale/laterale DX fra veicoli in marcia;Incrocio;Due carreggiate;Asciutto;Asfaltata;Verticale;Nuvoloso;Normale;Buona;Ore Diurne;0;0;0;2;;;-1;1;Autovettura privata;In marcia / fermata / arresto;Conducente;M;Illeso;0;;Non accertato;Inesploso