Protocollo;Gruppo;DataOraIncidente;Localizzazione1;STRADA1;Localizzazione2;STRADA2;Strada02;Chilometrica;DaSpecificare;NaturaIncidente;particolaritastrade;TipoStrada;FondoStradale;Pavimentazione;Segnaletica;CondizioneAtmosferica;Traffico;Visibilita;Illuminazione;NUM_FERITI;NUM_RISERVATA;NUM_MORTI;NUM_ILLESI;Longitudine;Latitudine;Confermato;Progressivo;TipoVeicolo;StatoVeicolo;TipoPersona;Sesso;Tipolesione;Deceduto;DecedutoDopo;CinturaCascoUtilizzato;Airbag
1817415;13;07/11/2009 11:20;Strada Urbana;VIA MAR DEI CARAIBI;all'intersezione con;VIA MAR DEI CORALLI;VIA MAR DEI CORALLI;;;Scontro frontale/laterale SX fra veicoli in marcia;Incrocio;Una carreggiata a doppio senso;Asciutto;Asfaltata;Verticale ed orizzontale;Sereno;Intenso;Buona;Ore Diurne;1;0;0;1;;;-1;1;Autovettura privata;In marcia / fermata / arresto;Conducente;M;Illeso;0;;Non accertato;Inesistente
1817415;13;07/11/2009 11:20;Strada Urbana;VIA MAR DEI CARAIBI;all'intersezione con;VIA MAR DEI CORALLI;VIA MAR DEI CORALLI;;;Scontro frontale/laterale SX fra veicoli in marcia;Incrocio;Una carreggiata a doppio senso;Asciutto;Asfaltata;Verticale ed orizzontale;Sereno;Intenso;Buona;Ore Diurne;1;0;0;1;;;-1;2;Autovettura privata;In marcia / fermata / arresto;Conducente;M;Ricoverato;0;NON DECEDUTO;Non accertato;Inesistente
1817416;13;07/11/2009 12:30;Strada Urbana;VIA DELLE ALEUTINE;in prossimità;;del civico n. ;132;;Veicolo in marcia contro veicolo fermo;Rettilineo;Una carreggiata a senso unico di marcia;Asciutto;Asfaltata;Verticale ed orizzontale;Sereno;Normale;Buona;Ore Diurne;0;0;0;1;;;-1;1;Autovettura privata;In marcia / fermata / arresto;Conducente;M;Illeso;0;;Non accertato;Inesploso
1817417;13;07/11/2009 14:30;Strada Urbana;VIA DEL CANALE DELLA LINGUA;in prossimità;;del civico n. ;114;;Veicolo in marcia contro ostacolo accidentale;Rettilineo;Una carreggiata a doppio senso;Asciutto;Asfaltata;Orizzontale;Nuvoloso;Normale;Buona;Ore Diurne;0;0;0;1;;;-1;1;Autovettura privata;In marcia / fermata / arresto;Conducente;M;Illeso;0;;Non accertato;Inesistente
1817418;13;07/11/2009 14:40;Strada Urbana;VIA DEL CANALE DELLA LINGUA;in prossimità;;del civico n. ;114;;Veicolo in marcia contro ostacolo accidentale;Rettilineo;Una carreggiata a doppio senso;Asciutto;Asfaltata;Orizzontale;Nuvoloso;Normale;Buona;Ore Diurne;0;0;0;1;;;-1;1;Autovettura privata;In marcia / fermata / arresto;Conducente;M;Illeso;0;;Non accertato;Inesistente
1817419;13;07/11/2009 21:00;Strada Urbana;VIALE DELLA MARINA;in prossimità;;del civico n. ;11;;Veicolo in marcia contro veicolo fermo;Rettilineo;Due carreggiate;Asciutto;Asfaltata;Orizzontale;Nuvoloso;Scarso;Buona;Sufficiente;0;0;0;3;;;-1;1;Autovettura privata;In marcia / fermata / arresto;Conducente;M;Illeso;0;;Non accertato;Inesistente
1817419;13;07/11/2009 21:00;Strada Urbana;VIALE DELLA MARINA;in prossimità;;del civico n. ;11;;Veicolo in marcia contro veicolo fermo;Rettilineo;Due carreggiate;Asciutto;Asfaltata;Orizzontale;Nuvoloso;Scarso;Buona;Sufficiente;0;0;0;3;;;-1;2;Autovettura privata;In marcia / fermata / arresto;Conducente;M;Illeso;0;;Non accertato;Inesistente
1817419;13;07/11/2009 21:00;Strada Urbana;VIALE DELLA MARINA;in prossimità;;del civico n. ;11;;Veicolo in marcia contro veicolo fermo;Rettilineo;Due carreggiate;Asciutto;Asfaltata;Orizzontale;Nuvoloso;Scarso;Buona;Sufficiente;0;0;0;3;;;-1;2;Autovettura privata;In marcia / fermata / arresto;Passeggero;M;Illeso;0;;Non accertato;Inesploso
1817420;13;07/11/2009 21:45;Strada Urbana;VIA DI MACCHIA SAPONARA;in prossimità;;del civico n. ;22;;Infortunio per caduta del veicolo;Rettilineo;Una carreggiata a doppio senso;Bagnato (umidità in atto);Con buche;Verticale ed orizzontale;Nuvoloso;Scarso;Buona;Sufficiente;1;0;0;0;;;-1;1;Motociclo a solo;In marcia / fermata / arresto;Conducente;M;Rimandato;0;NON DECEDUTO;Non accertato;Inesistente
1817421;13;07/11/2009 21:45;Strada Urbana;VIALE CAPITAN CONSALVO;all'intersezione con;VIALE CARDINAL GINNASI;VIALE CARDINAL GINNASI;;;Veicolo in marcia contro veicolo fermo;Incrocio;Due carreggiate;Asciutto;Asfaltata;Verticale ed orizzontale;Sereno;Normale;Buona;Sufficiente;0;0;0;1;;;-1;1;Motociclo a solo;In marcia / fermata / arresto;Conducente;M;Illeso;0;;Non accertato;Inesistente
1817422;13;08/11/2009 16:45;Strada Urbana;PIAZZALE CRISTOFORO COLOMBO;da specificare;;;;al centro del piazzale lato marciapiedi;Scontro frontale/laterale SX fra veicoli in marcia;Curva a visuale libera;Una carreggiata a doppio senso;Asciutto;Asfaltata;Orizzontale;Sereno;Normale;Buona;Ore Diurne;0;0;0;3;;;-1;1;Autovettura privata;In marcia / fermata / arresto;Conducente;M;Illeso;0;;Non accertato;Inesistente
1817422;13;08/11/2009 16:45;Strada Urbana;PIAZZALE CRISTOFORO COLOMBO;da specificare;;;;al centro del piazzale lato marciapiedi;Scontro frontale/laterale SX fra veicoli in marcia;Curva a visuale libera;Una carreggiata a doppio senso;Asciutto;Asfaltata;Orizzontale;Sereno;Normale;Buona;Ore Diurne;0;0;0;3;;;-1;2;Autovettura privata;In marcia / fermata / arresto;Conducente;M;Illeso;0;;Non accertato;Inesistente
1817422;13;08/11/2009 16:45;Strada Urbana;PIAZZALE CRISTOFORO COLOMBO;da specificare;;;;al centro del piazzale lato marciapiedi;Scontro frontale/laterale SX fra veicoli in marcia;Curva a visuale libera;Una carreggiata a doppio senso;Asciutto;Asfaltata;Orizzontale;Sereno;Normale;Buona;Ore Diurne;0;0;0;3;;;-1;2;Autovettura privata;In marcia / fermata / arresto;Passeggero;F;Illeso;0;;Non accertato;Inesistente
1817423;13;08/11/2009 16:30;Strada Urbana;VIA GUIDO CALZA;da specificare;;;;fronte scavi OSTIA ANTICA;Veicolo in marcia contro ostacolo fisso;Rettilineo;Una carreggiata a senso unico di marcia;Bagnato (pioggia);Asfaltata;Verticale ed orizzontale;Pioggia in atto;Normale;Buona;Sufficiente;0;0;0;1;;;-1;1;Autovettura privata;In marcia / fermata / arresto;Conducente;M;Illeso;0;;Non accertato;Inesploso
1817424;13;08/11/2009 02:20;Strada Urbana;LUNGOMARE LUTAZIO CATULO;all'intersezione con;PIAZZALE DELL'AQUILONE;PIAZZALE DELL'AQUILONE;;;Scontro frontale/laterale SX fra veicoli in marcia;Incrocio;Una carreggiata a senso unico di marcia;Bagnato (pioggia);Asfaltata;Verticale ed orizzontale;Nuvoloso;Scarso;Buona;Sufficiente;1;0;0;1;;;-1;1;Ciclomotore;In marcia / fermata / arresto;Conducente;M;Ricoverato;0;NON DECEDUTO;Non accertato;Inesistente
1817424;13;08/11/2009 02:20;Strada Urbana;LUNGOMARE LUTAZIO CATULO;all'intersezione con;PIAZZALE DELL'AQUILONE;PIAZZALE DELL'AQUILONE;;;Scontro frontale/laterale SX fra veicoli in marcia;Incrocio;Una carreggiata a senso unico di marcia;Bagnato (pioggia);Asfaltata;Verticale ed orizzontale;Nuvoloso;Scarso;Buona;Sufficiente;1;0;0;1;;;-1;2;Autobus di linea;In marcia / fermata / arresto;Conducente;M;Illeso;0;;Non accertato;Inesploso
1817425;13;08/11/2009 08:20;Strada Urbana;VIA GUIDO CALZA;da specificare;;;;.;Veicolo in marcia contro ostacolo fisso;Curva senza visuale libera;Una carreggiata a senso unico di marcia;Bagnato (pioggia);Asfaltata;Verticale ed orizzontale;Nuvoloso;Scarso;Buona;Ore Diurne;0;0;0;1;;;-1;1;Autovettura privata;In marcia / fermata / arresto;Conducente;F;Illeso;0;;Non accertato;Inesploso
1817426;13;08/11/2009 14:20;Strada Urbana;VIA DEL CANALE DELLA LINGUA;in prossimità;;del civico n. ;114;;Veicolo in marcia contro ostacolo accidentale;Rettilineo;Una carreggiata a doppio senso;Asciutto;Asfaltata;Orizzontale;Nuvoloso;Normale;Buona;Ore Diurne;0;0;0;1;;;-1;1;Autovettura privata;In marcia / fermata / arresto;Conducente;M;Illeso;0;;Non accertato;Inesistente
1817427;13;08/11/2009 16:15;Strada Urbana;VIALE DEI ROMAGNOLI;in corrispondenza;;del civico n. ;2161/E;;Veicolo in marcia contro ostacolo accidentale;Rettilineo;Una carreggiata a senso unico di marcia;Bagnato (pioggia);Asfaltata;Verticale ed orizzontale;Nuvoloso;Intenso;Sufficiente;Ore Diurne;0;0;0;1;;;-1;1;Autovettura privata;In marcia / fermata / arresto;Conducente;F;Illeso;0;;Non accertato;Inesploso
1817428;13;08/11/2009 18:20;Strada Urbana;VIALE DEI ROMAGNOLI;in corrispondenza;;del civico n. ;2161/E;;Veicolo in marcia contro ostacolo accidentale;Rettilineo;Una carreggiata a senso unico di marcia;Bagnato (pioggia);Asfaltata;Verticale ed orizzontale;Nuvoloso;Intenso;Sufficiente;Sufficiente;0;0;0;1;;;-1;1;Autovettura privata;In marcia / fermata / arresto;Conducente;M;Illeso;0;;Non accertato;Inesploso
1817429;13;08/11/2009 19:50;Strada Urbana;VIA AMEDEO BOCCHI;in prossimità;;del civico n. ;82;;Veicolo in marcia contro veicolo fermo;Rettilineo;Una carreggiata a doppio senso;Bagnato (pioggia);Asfaltata;Assente;Nuvoloso;Scarso;Buona;Sufficiente;0;0;0;1;;;-1;1;Autovettura privata;In marcia / fermata / arresto;Conducente;M;Illeso;0;;Non accertato;Inesploso
1817430;13;08/11/2009 21:30;Strada Urbana;VIA DEL CANALE DELLA LINGUA;da specificare;;;;PRESSI VIA PIO RAJNA;Veicolo in marcia contro veicolo fermo;Rettilineo;Una carreggiata a doppio senso;Bagnato (pioggia);Asfaltata;Orizzontale;Pioggia in atto;Scarso;Sufficiente;Inesistente;0;0;0;1;;;-1;1;Autovettura privata;In marcia / fermata / arresto;Conducente;M;Illeso;0;;Non accertato;Inesploso
1817431;13;08/11/2009 01:05;Strada Urbana;VIADOTTO ZELIA NUTTALL;da specificare;;;;SUL VIADOTTO DIREZIONE ACILIA/SAPONARA;Tamponamento;Rettilineo;Una carreggiata a senso unico di marcia;Asciutto;Asfaltata;Verticale ed orizzontale;Sereno;Scarso;Sufficiente;Sufficiente;1;0;0;1;;;-1;1;Autovettura privata;In marcia / fermata / arresto;Conducente;F;Rimandato;0;NON DECEDUTO;Non accertato;Inesploso
1817431;13;08/11/2009 01:05;Strada Urbana;VIADOTTO ZELIA NUTTALL;da specificare;;;;SUL VIADOTTO DIREZIONE ACILIA/SAPONARA;Tamponamento;Rettilineo;Una carreggiata a senso unico di marcia;Asciutto;Asfaltata;Verticale ed orizzontale;Sereno;Scarso;Sufficiente;Sufficiente;1;0;0;1;;;-1;2;Autovettura privata;In marcia / fermata / arresto;Conducente;M;Illeso;0;;Non accertato;Inesploso
1817432;13;09/11/2009 17:30;Strada Urbana;VIA DEL FOSSO DI DRAGONCELLO;da specificare;;;;altezza Via di Saponara.;Scontro frontale/laterale DX fra veicoli in marcia;Rettilineo;Una carreggiata a doppio senso;Bagnato (pioggia);Asfaltata;Assente;Pioggia in atto;Normale;Insufficiente;Inesistente;0;0;0;1;;;-1;1;Autovettura privata;In marcia / fermata / arresto;Conducente;F;Illeso;0;;Utilizzato;Inesistente
1817433;13;09/11/2009 14:55;Strada Urbana;VIA SERRADIFALCO;all'intersezione con;VIA GIANDOMENICO BERTOLI;VIA GIANDOMENICO BERTOLI;;;Scontro frontale/laterale SX fra veicoli in marcia;Incrocio;Una carreggiata a doppio senso;Bagnato (pioggia);Asfaltata;Orizzontale;Nuvoloso;Normale;Insufficiente;Ore Diurne;2;0;0;1;;;-1;1;Autobus urbano;In marcia / fermata / arresto;Conducente;M;Rimandato;0;NON DECEDUTO;Non accertato;Inesistente
1817433;13;09/11/2009 14:55;Strada Urbana;VIA SERRADIFALCO;all'intersezione con;VIA GIANDOMENICO BERTOLI;VIA GIANDOMENICO BERTOLI;;;Scontro frontale/laterale SX fra veicoli in marcia;Incrocio;Una carreggiata a doppio senso;Bagnato (pioggia);Asfaltata;Orizzontale;Nuvoloso;Normale;Insufficiente;Ore Diurne;2;0;0;1;;;-1;2;Autovettura privata;In marcia / fermata / arresto;Conducente;M;Illeso;0;;Non accertato;Inesploso
1817433;13;09/11/2009 14:55;Strada Urbana;VIA SERRADIFALCO;all'intersezione con;VIA GIANDOMENICO BERTOLI;VIA GIANDOMENICO BERTOLI;;;Scontro frontale/laterale SX fra veicoli in marcia;Incrocio;Una carreggiata a doppio senso;Bagnato (pioggia);Asfaltata;Orizzontale;Nuvoloso;Normale;Insufficiente;Ore Diurne;2;0;0;1;;;-1;2;Autovettura privata;In marcia / fermata / arresto;Passeggero;F;Rimandato;0;NON DECEDUTO;Non accertato;Inesistente
1817434;13;09/11/2009 15:15;Strada Urbana;VIA FELICE DA MONTECCHIO;da specificare;;;;altezza Via di Dragone;Scontro frontale/laterale DX fra veicoli in marcia;Rettilineo;Una carreggiata a senso unico di marcia;Bagnato (pioggia);Asfaltata;Verticale;Pioggia in atto;Scarso;Sufficiente;Ore Diurne;0;0;0;1;;;-1;1;Autovettura privata;In marcia / fermata / arresto;Conducente;M;Illeso;0;;Non accertato;Inesploso
1817435;13;09/11/2009 17:20;Strada Urbana;VIA DEL FOSSO DI DRAGONCELLO;da specificare;;;;altezza Via di Saponara;Scontro frontale/laterale DX fra veicoli in marcia;Rettilineo;Una carreggiata a doppio senso;Bagnato (pioggia);Asfaltata;Assente;Pioggia in atto;Normale;Insufficiente;Inesistente;0;0;0;1;;;-1;1;Autovettura privata;In marcia / fermata / arresto;Conducente;F;Illeso;0;;Non accertato;Inesistente
1817436;13;09/11/2009 17:30;Strada Urbana;VIALE CHARLES LENORMANT;in corrispondenza;;del civico n. ;213;;Scontro laterale fra veicoli in marcia;Rettilineo;Una carreggiata a doppio senso;Bagnato (pioggia);Asfaltata;Orizzontale;Pioggia in atto;Normale;Sufficiente;Sufficiente;0;0;0;3;;;-1;1;Autovettura privata;In marcia / fermata / arresto;Conducente;F;Illeso;0;;Non accertato;Inesistente
1817436;13;09/11/2009 17:30;Strada Urbana;VIALE CHARLES LENORMANT;in corrispondenza;;del civico n. ;213;;Scontro laterale fra veicoli in marcia;Rettilineo;Una carreggiata a doppio senso;Bagnato (pioggia);Asfaltata;Orizzontale;Pioggia in atto;Normale;Sufficiente;Sufficiente;0;0;0;3;;;-1;2;Autocarro inferiore 35 q.;In marcia / fermata / arresto;Conducente;M;Illeso;0;;Non accertato;Inesistente
1817436;13;09/11/2009 17:30;Strada Urbana;VIALE CHARLES LENORMANT;in corrispondenza;;del civico n. ;213;;Scontro laterale fra veicoli in marcia;Rettilineo;Una carreggiata a doppio senso;Bagnato (pioggia);Asfaltata;Orizzontale;Pioggia in atto;Normale;Sufficiente;Sufficiente;0;0;0;3;;;-1;2;Autocarro inferiore 35 q.;In marcia / fermata / arresto;Passeggero;M;Illeso;0;;Non accertato;Inesistente
1817437;13;09/11/2009 17:45;Strada Urbana;VIA DEL ROSMARINO;all'intersezione con;VIA MATTEO RIPA;VIA MATTEO RIPA;;;Scontro frontale/laterale SX fra veicoli in marcia;Incrocio;Una carreggiata a doppio senso;Bagnato (pioggia);Asfaltata;Verticale;Pioggia in atto;Normale;Sufficiente;Sufficiente;1;0;0;2;;;-1;1;Autovettura privata;In marcia / fermata / arresto;Conducente;F;Rimandato;0;NON DECEDUTO;Non accertato;Inesploso
1817437;13;09/11/2009 17:45;Strada Urbana;VIA DEL ROSMARINO;all'intersezione con;VIA MATTEO RIPA;VIA MATTEO RIPA;;;Scontro frontale/laterale SX fra veicoli in marcia;Incrocio;Una carreggiata a doppio senso;Bagnato (pioggia);Asfaltata;Verticale;Pioggia in atto;Normale;Sufficiente;Sufficiente;1;0;0;2;;;-1;1;Autovettura privata;In marcia / fermata / arresto;Passeggero;F;Illeso;0;;Non accertato;Inesistente
1817437;13;09/11/2009 17:45;Strada Urbana;VIA DEL ROSMARINO;all'intersezione con;VIA MATTEO RIPA;VIA MATTEO RIPA;;;Scontro frontale/laterale SX fra veicoli in marcia;Incrocio;Una carreggiata a doppio senso;Bagnato (pioggia);Asfaltata;Verticale;Pioggia in atto;Normale;Sufficiente;Sufficiente;1;0;0;2;;;-1;2;Autovettura privata;In marcia / fermata / arresto;Conducente;M;Illeso;0;;Non accertato;Inesploso
1817438;13;09/11/2009 18:00;Strada Urbana;VIA DEL FOSSO DI DRAGONCELLO;da specificare;;;;altezza Via di Saponara;Veicolo in marcia contro ostacolo fisso;Rettilineo;Una carreggiata a doppio senso;Bagnato (pioggia);Asfaltata;Assente;Pioggia in atto;Normale;Insufficiente;Inesistente;0;0;0;1;;;-1;1;Autovettura privata;In marcia / fermata / arresto;Conducente;F;Illeso;0;;Utilizzato;Inesistente
1817439;13;09/11/2009 18:00;Strada Urbana;VIA DEL FOSSO DI DRAGONCELLO;da specificare;;;;altezza Via di Saponara.;Scontro frontale/laterale DX fra veicoli in marcia;Rettilineo;Una carreggiata a doppio senso;Bagnato (pioggia);Asfaltata;Assente;Pioggia in atto;Normale;Insufficiente;Inesistente;0;0;0;1;;;-1;1;Autovettura privata;In marcia / fermata / arresto;Conducente;M;Illeso;0;;Utilizzato;Inesistente
1817440;13;09/11/2009 18:00;Strada Urbana;VIA DEL FOSSO DI DRAGONCELLO;da specificare;;;;altezza Via di Saponara.;Scontro frontale/laterale DX fra veicoli in marcia;Rettilineo;Una carreggiata a doppio senso;Bagnato (pioggia);Asfaltata;Assente;Pioggia in atto;Normale;Insufficiente;Inesistente;0;0;0;1;;;-1;1;Autovettura privata;In marcia / fermata / arresto;Conducente;F;Illeso;0;;Utilizzato;Inesistente
1817441;13;09/11/2009 18:00;Strada Urbana;VIA DEL FOSSO DI DRAGONCELLO;da specificare;;;;altezza Via di Saponara.;Scontro frontale/laterale DX fra veicoli in marcia;Rettilineo;Una carreggiata a doppio senso;Bagnato (pioggia);Asfaltata;Assente;Pioggia in atto;Normale;Insufficiente;Inesistente;0;0;0;1;;;-1;1;Autovettura privata;In marcia / fermata / arresto;Conducente;F;Illeso;0;;Utilizzato;Inesploso
1817442;13;09/11/2009 18:00;Strada Urbana;VIA DEL FOSSO DI DRAGONCELLO;da specificare;;;;altezza Via di Saponara.;Veicolo in marcia contro ostacolo accidentale;Rettilineo;Una carreggiata a doppio senso;Bagnato (pioggia);Asfaltata;Assente;Pioggia in atto;Normale;Insufficiente;Inesistente;0;0;0;1;;;-1;1;Autovettura privata;In marcia / fermata / arresto;Conducente;M;Illeso;0;;Utilizzato;Inesistente
1817443;13;09/11/2009 18:10;Strada Urbana;VIA DELLE BALENIERE;all'intersezione con;VIA DELLE ANTILLE;VIA DELLE ANTILLE;;;Scontro laterale fra veicoli in marcia;Intersezione stradale segnalata;Una carreggiata a doppio senso;Bagnato (pioggia);Asfaltata;Verticale ed orizzontale;Pioggia in atto;Intenso;Buona;Sufficiente;0;0;0;2;;;-1;1;Autovettura privata;In marcia / fermata / arresto;Conducente;F;Illeso;0;;Non accertato;Inesistente
1817443;13;09/11/2009 18:10;Strada Urbana;VIA DELLE BALENIERE;all'intersezione con;VIA DELLE ANTILLE;VIA DELLE ANTILLE;;;Scontro laterale fra veicoli in marcia;Intersezione stradale segnalata;Una carreggiata a doppio senso;Bagnato (pioggia);Asfaltata;Verticale ed orizzontale;Pioggia in atto;Intenso;Buona;Sufficiente;0;0;0;2;;;-1;2;Altro;In marcia / fermata / arresto;Conducente;M;Illeso;0;;Non accertato;Inesistente
1817444;13;09/11/2009 18:40;Strada Urbana;VIA DEL FOSSO DI DRAGONCELLO;da specificare;;;;altezza Via di Saponara;Scontro frontale/laterale DX fra veicoli in marcia;Rettilineo;Una carreggiata a doppio senso;Bagnato (pioggia);Asfaltata;Assente;Pioggia in atto;Normale;Insufficiente;Inesistente;0;0;0;2;;;-1;1;Autovettura privata;In marcia / fermata / arresto;Conducente;M;Illeso;0;;Non accertato;Inesistente
1817444;13;09/11/2009 18:40;Strada Urbana;VIA DEL FOSSO DI DRAGONCELLO;da specificare;;;;altezza Via di Saponara;Scontro frontale/laterale DX fra veicoli in marcia;Rettilineo;Una carreggiata a doppio senso;Bagnato (pioggia);Asfaltata;Assente;Pioggia in atto;Normale;Insufficiente;Inesistente;0;0;0;2;;;-1;1;Autovettura privata;In marcia / fermata / arresto;Passeggero;F;Illeso;0;;Non accertato;Inesploso
1817445;13;09/11/2009 19:00;Strada Urbana;LUNGOMARE DUILIO;in prossimità;;del civico n. ;22;;Veicolo in marcia contro veicoli in arresto;Rettilineo;Due carreggiate;Bagnato (umidità in atto);Asfaltata;Verticale ed orizzontale;Nuvoloso;Normale;Buona;Sufficiente;0;0;0;1;;;-1;1;Autovettura privata;In marcia / fermata / arresto;Conducente;F;Illeso;0;;Utilizzato;Inesistente
1817446;13;09/11/2009 19:00;Strada Urbana;VIA DEL FOSSO DI DRAGONCELLO;in prossimità;;del civico n. ;49;;Veicolo in marcia contro ostacolo accidentale;Rettilineo;Una carreggiata a doppio senso;Bagnato (pioggia);Asfaltata;Assente;Nuvoloso;Normale;Insufficiente;Inesistente;0;0;0;1;;;-1;1;Autovettura privata;In marcia / fermata / arresto;Conducente;M;Illeso;0;;Non accertato;Inesploso
1817447;13;09/11/2009 19:25;Strada Urbana;VIA UMBERTO LILLONI;all'intersezione con;VIA ROBERTO CRIPPA;VIA ROBERTO CRIPPA;;;Scontro frontale/laterale DX fra veicoli in marcia;Incrocio;Una carreggiata a senso unico di marcia;Bagnato (pioggia);Asfaltata;Verticale ed orizzontale;Pioggia in atto;Normale;Buona;Sufficiente;0;0;0;3;;;-1;1;Autovettura privata;In marcia / fermata / arresto;Conducente;M;Illeso;0;;Non accertato;Inesistente
1817447;13;09/11/2009 19:25;Strada Urbana;VIA UMBERTO LILLONI;all'intersezione con;VIA ROBERTO CRIPPA;VIA ROBERTO CRIPPA;;;Scontro frontale/laterale DX fra veicoli in marcia;Incrocio;Una carreggiata a senso unico di marcia;Bagnato (pioggia);Asfaltata;Verticale ed orizzontale;Pioggia in atto;Normale;Buona;Sufficiente;0;0;0;3;;;-1;2;Autovettura privata;In marcia / fermata / arresto;Conducente;M;Illeso;0;;Non accertato;Inesistente
1817447;13;09/11/2009 19:25;Strada Urbana;VIA UMBERTO LILLONI;all'intersezione con;VIA ROBERTO CRIPPA;VIA ROBERTO CRIPPA;;;Scontro frontale/laterale DX fra veicoli in marcia;Incrocio;Una carreggiata a senso unico di marcia;Bagnato (pioggia);Asfaltata;Verticale ed orizzontale;Pioggia in atto;Normale;Buona;Sufficiente;0;0;0;3;;;-1;2;Autovettura privata;In marcia / fermata / arresto;Passeggero;F;Illeso;0;;Non accertato;Inesistente
1817448;13;09/11/2009 20:04;Strada Urbana;VIA GIOVANNI BOLDINI;all'intersezione con;PIAZZA S. LEONARDO DA PORTO MAURIZIO;PIAZZA S. LEONARDO DA PORTO MAURIZIO;;;Investimento di pedone;Incrocio;Una carreggiata a doppio senso;Bagnato (pioggia);Asfaltata;Verticale;Nuvoloso;Normale;Sufficiente;Sufficiente;1;0;0;1;;;-1;;;;Pedone;M;Ricoverato;0;NON DECEDUTO;;
1817448;13;09/11/2009 20:04;Strada Urbana;VIA GIOVANNI BOLDINI;all'intersezione con;PIAZZA S. LEONARDO DA PORTO MAURIZIO;PIAZZA S. LEONARDO DA PORTO MAURIZIO;;;Investimento di pedone;Incrocio;Una carreggiata a doppio senso;Bagnato (pioggia);Asfaltata;Verticale;Nuvoloso;Normale;Sufficiente;Sufficiente;1;0;0;1;;;-1;1;Autovettura privata;In marcia / fermata / arresto;Conducente;M;Illeso;0;;Non accertato;Inesistente
1817449;13;09/11/2009 21:20;Strada Urbana;PIAZZA FRANCESCO CONTEDUCA;in prossimità;;del civico n. ;20;;Scontro laterale fra veicoli in marcia;Rettilineo;Due carreggiate;Bagnato (pioggia);Asfaltata;Verticale ed orizzontale;Nuvoloso;Normale;Sufficiente;Sufficiente;0;0;0;2;;;-1;1;Ciclomotore;In marcia / fermata / arresto;Conducente;M;Illeso;0;;Non accertato;Inesistente
1817449;13;09/11/2009 21:20;Strada Urbana;PIAZZA FRANCESCO CONTEDUCA;in prossimità;;del civico n. ;20;;Scontro laterale fra veicoli in marcia;Rettilineo;Due carreggiate;Bagnato (pioggia);Asfaltata;Verticale ed orizzontale;Nuvoloso;Normale;Sufficiente;Sufficiente;0;0;0;2;;;-1;3;Autovettura privata;In marcia / fermata / arresto;Conducente;M;Illeso;0;;Non accertato;Inesistente
1817451;13;06/11/2009 20:10;Strada Urbana;VIA DEL CANALE DELLA LINGUA;da specificare;;;;tratto compreso tra Via Calamide e Via Caridemo;Veicolo in marcia contro ostacolo accidentale;Rettilineo;Una carreggiata a doppio senso;Bagnato (pioggia);Strada pavimentata dissestata;Verticale ed orizzontale;Nuvoloso;Intenso;Insufficiente;Insufficiente;0;0;0;1;;;-1;1;Autovettura privata;In marcia / fermata / arresto;Conducente;F;Illeso;0;;Non accertato;Inesistente
1817452;13;06/11/2009 20:30;Strada Urbana;VIA ALESSANDRO PIOLA CASELLI;all'intersezione con;VIA ANGELO OLIVIERI;VIA ANGELO OLIVIERI;;;Scontro frontale/laterale DX fra veicoli in marcia;Incrocio;Una carreggiata a doppio senso;Bagnato (pioggia);Asfaltata;Verticale ed orizzontale;Nuvoloso;Normale;Insufficiente;Insufficiente;0;0;0;1;;;-1;1;Autovettura privata;In marcia / fermata / arresto;Conducente;M;Illeso;0;;Non accertato;Inesistente
1817453;13;09/11/2009 17:20;Strada Urbana;VIA DEL FOSSO DI DRAGONCELLO;da specificare;;;;altezza Via di Saponara;Scontro frontale/laterale DX fra veicoli in marcia;Rettilineo;Una carreggiata a doppio senso;Bagnato (pioggia);Asfaltata;Assente;Pioggia in atto;Normale;Insufficiente;Inesistente;0;0;0;1;;;-1;1;Autovettura privata;In marcia / fermata / arresto;Conducente;M;Illeso;0;;Non accertato;Inesploso
1817454;13;09/11/2009 18:00;Strada Urbana;VIA DEL FOSSO DI DRAGONCELLO;da specificare;;;;altezza Via di Saponara;Scontro frontale/laterale DX fra veicoli in marcia;Rettilineo;Una carreggiata a doppio senso;Bagnato (pioggia);Asfaltata;Assente;Pioggia in atto;Normale;Insufficiente;Inesistente;0;0;0;1;;;-1;1;Autovettura privata;In marcia / fermata / arresto;Conducente;M;Illeso;0;;Non accertato;Inesploso
1817455;15;06/11/2009 21:45;Strada Urbana;VIA PORTUENSE;in prossimità;;del civico n. ;724/A;;Scontro frontale/laterale SX fra veicoli in marcia;Rettilineo;Una carreggiata a doppio senso;Bagnato (umidità in atto);Asfaltata;Orizzontale;Nuvoloso;Scarso;Sufficiente;Sufficiente;2;0;0;2;;;-1;1;Quadriciclo leggero;In marcia / fermata / arresto;Conducente;M;Rimandato;0;NON DECEDUTO;Non accertato;Inesistente
1817455;15;06/11/2009 21:45;Strada Urbana;VIA PORTUENSE;in prossimità;;del civico n. ;724/A;;Scontro frontale/laterale SX fra veicoli in marcia;Rettilineo;Una carreggiata a doppio senso;Bagnato (umidità in atto);Asfaltata;Orizzontale;Nuvoloso;Scarso;Sufficiente;Sufficiente;2;0;0;2;;;-1;1;Quadriciclo leggero;In marcia / fermata / arresto;Passeggero;M;Rimandato;0;NON DECEDUTO;Non accertato;Inesistente