Protocollo;Gruppo;DataOraIncidente;Localizzazione1;STRADA1;Localizzazione2;STRADA2;Strada02;Chilometrica;DaSpecificare;NaturaIncidente;particolaritastrade;TipoStrada;FondoStradale;Pavimentazione;Segnaletica;CondizioneAtmosferica;Traffico;Visibilita;Illuminazione;NUM_FERITI;NUM_RISERVATA;NUM_MORTI;NUM_ILLESI;Longitudine;Latitudine;Confermato;Progressivo;TipoVeicolo;StatoVeicolo;TipoPersona;Sesso;Tipolesione;Deceduto;DecedutoDopo;CinturaCascoUtilizzato;Airbag
1821218;4;27/11/2009 09:15;Strada Urbana;VIA VIRGILIO TALLI;all'intersezione con;VIA NAZZARENO DE ANGELIS;VIA NAZZARENO DE ANGELIS;;;Scontro frontale/laterale SX fra veicoli in marcia;Incrocio;Una carreggiata a doppio senso;Asciutto;Asfaltata;Verticale ed orizzontale;Nuvoloso;Normale;Buona;Ore Diurne;1;0;0;1;;;-1;1;Autovettura privata;In marcia / fermata / arresto;Conducente;M;Rimandato;0;NON DECEDUTO;Non accertato;Inesistente
1821218;4;27/11/2009 09:15;Strada Urbana;VIA VIRGILIO TALLI;all'intersezione con;VIA NAZZARENO DE ANGELIS;VIA NAZZARENO DE ANGELIS;;;Scontro frontale/laterale SX fra veicoli in marcia;Incrocio;Una carreggiata a doppio senso;Asciutto;Asfaltata;Verticale ed orizzontale;Nuvoloso;Normale;Buona;Ore Diurne;1;0;0;1;;;-1;2;Autovettura privata;In marcia / fermata / arresto;Conducente;M;Illeso;0;;Non accertato;Inesistente
1821219;4;27/11/2009 15:30;Strada Urbana;VIA VAL DI COGNE;in corrispondenza;;del civico n. ;8;;Veicolo in marcia contro ostacolo accidentale;Rettilineo;Una carreggiata a senso unico di marcia;Asciutto;Asfaltata;Verticale ed orizzontale;Sereno;Normale;Sufficiente;Ore Diurne;0;0;0;2;;;-1;1;Ciclomotore;In marcia / fermata / arresto;Conducente;F;Illeso;0;;Non accertato;Inesistente
1821219;4;27/11/2009 15:30;Strada Urbana;VIA VAL DI COGNE;in corrispondenza;;del civico n. ;8;;Veicolo in marcia contro ostacolo accidentale;Rettilineo;Una carreggiata a senso unico di marcia;Asciutto;Asfaltata;Verticale ed orizzontale;Sereno;Normale;Sufficiente;Ore Diurne;0;0;0;2;;;-1;1;Ciclomotore;In marcia / fermata / arresto;Passeggero;M;Illeso;0;;Non accertato;Inesistente
1821220;4;27/11/2009 17:00;Strada Urbana;VIA ROBERTO ROSSELLINI;all'intersezione con;VIA SANDRO GIOVANNINI;VIA SANDRO GIOVANNINI;;;Veicolo in marcia contro ostacolo accidentale;Incrocio;Una carreggiata a doppio senso;Asciutto;Asfaltata;Orizzontale;Sereno;Scarso;Buona;Sufficiente;1;0;0;0;;;-1;1;Ciclomotore;In marcia / fermata / arresto;Conducente;F;Rimandato;0;NON DECEDUTO;Non accertato;Inesistente
1821221;4;28/11/2009 06:00;Strada Urbana;VIA ELSA DE' GIORGI;all'intersezione con;VIA GIUSEPPE DE SANTIS;VIA GIUSEPPE DE SANTIS;;;Scontro laterale fra veicoli in marcia;Incrocio;Una carreggiata a doppio senso;Bagnato (pioggia);Asfaltata;Verticale ed orizzontale;Nuvoloso;Scarso;Buona;Ore Diurne;1;0;0;2;;;-1;1;Autovettura privata;In marcia / fermata / arresto;Conducente;M;Rifiuta cure immediate;0;NON DECEDUTO;Non accertato;Inesistente
1821221;4;28/11/2009 06:00;Strada Urbana;VIA ELSA DE' GIORGI;all'intersezione con;VIA GIUSEPPE DE SANTIS;VIA GIUSEPPE DE SANTIS;;;Scontro laterale fra veicoli in marcia;Incrocio;Una carreggiata a doppio senso;Bagnato (pioggia);Asfaltata;Verticale ed orizzontale;Nuvoloso;Scarso;Buona;Ore Diurne;1;0;0;2;;;-1;2;Autovettura privata;In marcia / fermata / arresto;Conducente;M;Illeso;0;;Non accertato;Inesistente
1821221;4;28/11/2009 06:00;Strada Urbana;VIA ELSA DE' GIORGI;all'intersezione con;VIA GIUSEPPE DE SANTIS;VIA GIUSEPPE DE SANTIS;;;Scontro laterale fra veicoli in marcia;Incrocio;Una carreggiata a doppio senso;Bagnato (pioggia);Asfaltata;Verticale ed orizzontale;Nuvoloso;Scarso;Buona;Ore Diurne;1;0;0;2;;;-1;2;Autovettura privata;In marcia / fermata / arresto;Passeggero;M;Illeso;0;;Non accertato;Inesistente
1821222;4;28/11/2009 13:00;Strada Urbana;VIA DEI PRATI FISCALI;in prossimità;;del civico n. ;42;;Veicolo in marcia contro veicolo in sosta;Rettilineo;Due carreggiate;Asciutto;Asfaltata;Orizzontale;Sereno;Normale;Buona;Ore Diurne;0;0;0;1;;;-1;2;Autovettura privata;In marcia / fermata / arresto;Conducente;M;Illeso;0;;Non accertato;Inesistente
1821223;4;28/11/2009 14:30;Strada Urbana;VIA UGO OJETTI;all'intersezione con;VIA DI CASAL BOCCONE;VIA DI CASAL BOCCONE;;;Veicolo in marcia contro ostacolo accidentale;Rotatoria;Una carreggiata a doppio senso;Sdrucciolevole (pietrisco);Asfaltata;Verticale ed orizzontale;Sereno;Normale;Buona;Ore Diurne;1;0;0;0;;;-1;1;Motociclo a solo;In marcia / fermata / arresto;Conducente;M;Rifiuta cure immediate;0;NON DECEDUTO;Non accertato;Inesistente
1821225;4;28/11/2009 15:25;Strada Urbana;VIALE JONIO;all'intersezione semaforizzata con;VIA CAPRAIA;VIA CAPRAIA;;;Scontro frontale/laterale DX fra veicoli in marcia;Intersezione semaforizzata;Due carreggiate;Asciutto;Asfaltata;Orizzontale;Sereno;Normale;Buona;Ore Diurne;1;0;0;1;;;-1;1;Motociclo a solo;In marcia / fermata / arresto;Conducente;M;Rimandato;0;NON DECEDUTO;Non accertato;Inesistente
1821225;4;28/11/2009 15:25;Strada Urbana;VIALE JONIO;all'intersezione semaforizzata con;VIA CAPRAIA;VIA CAPRAIA;;;Scontro frontale/laterale DX fra veicoli in marcia;Intersezione semaforizzata;Due carreggiate;Asciutto;Asfaltata;Orizzontale;Sereno;Normale;Buona;Ore Diurne;1;0;0;1;;;-1;2;Autovettura privata;In marcia / fermata / arresto;Conducente;M;Illeso;0;;Non accertato;Inesistente
1821226;4;28/11/2009 19:10;Statale;VIA SALARIA;da specificare;;;;altezza MCTC ;Investimento di pedone;Curva a visuale libera;Due carreggiate;Asciutto;Asfaltata;Verticale ed orizzontale;Sereno;Normale;Buona;Inesistente;0;0;0;2;;;-1;;;;Pedone;M;Illeso;0;;;
1821226;4;28/11/2009 19:10;Statale;VIA SALARIA;da specificare;;;;altezza MCTC ;Investimento di pedone;Curva a visuale libera;Due carreggiate;Asciutto;Asfaltata;Verticale ed orizzontale;Sereno;Normale;Buona;Inesistente;0;0;0;2;;;-1;1;Autovettura privata;In marcia / fermata / arresto;Conducente;F;Illeso;0;;Non accertato;Inesistente
1821227;4;30/11/2009 07:15;Statale entro l'abitato;VIA SALARIA;da specificare;;;;altezza cavalcavia Fidene dir. Roma centro;Tamponamento;Rettilineo;Due carreggiate;Asciutto;Asfaltata;Verticale ed orizzontale;Sereno;Normale;Buona;Ore Diurne;0;0;0;2;;;-1;1;Autovettura privata;In marcia / fermata / arresto;Conducente;M;Illeso;0;;Non accertato;Inesistente
1821227;4;30/11/2009 07:15;Statale entro l'abitato;VIA SALARIA;da specificare;;;;altezza cavalcavia Fidene dir. Roma centro;Tamponamento;Rettilineo;Due carreggiate;Asciutto;Asfaltata;Verticale ed orizzontale;Sereno;Normale;Buona;Ore Diurne;0;0;0;2;;;-1;2;Autovettura privata;In marcia / fermata / arresto;Conducente;M;Illeso;0;;Non accertato;Inesistente
1821228;5;02/11/2009 17:00;Strada Urbana;VIA TIBURTINA;in prossimità;;del civico n. ;507;;Investimento di pedone;Rettilineo;Più di due carreggiate;Bagnato (pioggia);Asfaltata;Verticale ed orizzontale;Pioggia in atto;Normale;Buona;Sufficiente;1;0;0;4;;;-1;;;;Pedone;M;Rimandato;0;NON DECEDUTO;;
1821228;5;02/11/2009 17:00;Strada Urbana;VIA TIBURTINA;in prossimità;;del civico n. ;507;;Investimento di pedone;Rettilineo;Più di due carreggiate;Bagnato (pioggia);Asfaltata;Verticale ed orizzontale;Pioggia in atto;Normale;Buona;Sufficiente;1;0;0;4;;;-1;1;Autovettura privata;In marcia / fermata / arresto;Conducente;M;Illeso;0;;Non accertato;Inesistente
1821228;5;02/11/2009 17:00;Strada Urbana;VIA TIBURTINA;in prossimità;;del civico n. ;507;;Investimento di pedone;Rettilineo;Più di due carreggiate;Bagnato (pioggia);Asfaltata;Verticale ed orizzontale;Pioggia in atto;Normale;Buona;Sufficiente;1;0;0;4;;;-1;1;Autovettura privata;In marcia / fermata / arresto;Passeggero;F;Illeso;0;;Non accertato;Inesistente
1821228;5;02/11/2009 17:00;Strada Urbana;VIA TIBURTINA;in prossimità;;del civico n. ;507;;Investimento di pedone;Rettilineo;Più di due carreggiate;Bagnato (pioggia);Asfaltata;Verticale ed orizzontale;Pioggia in atto;Normale;Buona;Sufficiente;1;0;0;4;;;-1;1;Autovettura privata;In marcia / fermata / arresto;Passeggero;F;Illeso;0;;Non accertato;Inesistente
1821228;5;02/11/2009 17:00;Strada Urbana;VIA TIBURTINA;in prossimità;;del civico n. ;507;;Investimento di pedone;Rettilineo;Più di due carreggiate;Bagnato (pioggia);Asfaltata;Verticale ed orizzontale;Pioggia in atto;Normale;Buona;Sufficiente;1;0;0;4;;;-1;1;Autovettura privata;In marcia / fermata / arresto;Passeggero;M;Illeso;0;;Non accertato;Inesistente
1821229;5;24/11/2009 18:10;Strada Urbana;VIA DI CASAL BIANCO;da specificare;;;;altezza scuola (civ. 140).;Scontro frontale/laterale SX fra veicoli in marcia;Rettilineo;Una carreggiata a doppio senso;Asciutto;Asfaltata;Verticale ed orizzontale;Sereno;Normale;Buona;Sufficiente;0;0;0;2;;;-1;1;Autovettura privata;In marcia / fermata / arresto;Conducente;F;Illeso;0;;Non accertato;Inesistente
1821229;5;24/11/2009 18:10;Strada Urbana;VIA DI CASAL BIANCO;da specificare;;;;altezza scuola (civ. 140).;Scontro frontale/laterale SX fra veicoli in marcia;Rettilineo;Una carreggiata a doppio senso;Asciutto;Asfaltata;Verticale ed orizzontale;Sereno;Normale;Buona;Sufficiente;0;0;0;2;;;-1;2;Motociclo a solo;In marcia / fermata / arresto;Conducente;F;Illeso;0;;Non utilizzato;Inesistente
1821230;5;25/11/2009 16:00;Strada Urbana;VIA DEI CRISPOLTI;in prossimità;;del civico n. ;50;;Veicolo in marcia contro veicolo in sosta;Rettilineo;Una carreggiata a doppio senso;Asciutto;Asfaltata;Verticale;Sereno;Normale;Buona;Ore Diurne;0;0;0;1;;;-1;1;Autovettura privata;In marcia / fermata / arresto;Conducente;M;Illeso;0;;Non accertato;Inesistente
1821231;5;26/11/2009 06:00;Strada Urbana;VIA DI PIETRALATA;in prossimità;;del civico n. ;253;;Veicolo in marcia contro veicolo in sosta;Rettilineo;Una carreggiata a doppio senso;Asciutto;Asfaltata;Orizzontale;Nuvoloso;Normale;Sufficiente;Sufficiente;0;0;0;2;;;-1;2;Autovettura privata;In marcia / fermata / arresto;Conducente;M;Illeso;0;;Non accertato;Inesistente
1821231;5;26/11/2009 06:00;Strada Urbana;VIA DI PIETRALATA;in prossimità;;del civico n. ;253;;Veicolo in marcia contro veicolo in sosta;Rettilineo;Una carreggiata a doppio senso;Asciutto;Asfaltata;Orizzontale;Nuvoloso;Normale;Sufficiente;Sufficiente;0;0;0;2;;;-1;2;Autovettura privata;In marcia / fermata / arresto;Passeggero;M;Illeso;0;;Non accertato;Inesistente
1821232;5;27/11/2009 12:35;Strada Urbana;VIALE PALMIRO TOGLIATTI;in prossimità;;del civico n. ;1501;;Veicoli in marcia contro veicolo fermo;Rettilineo;Due carreggiate;Asciutto;Asfaltata;Orizzontale;Sereno;Normale;Buona;Ore Diurne;0;0;0;1;;;-1;1;Autovettura privata;In marcia / fermata / arresto;Conducente;M;Illeso;0;;Non accertato;Inesistente
1821233;5;29/11/2009 08:40;Strada Urbana;VIA DI PORTONACCIO;in prossimità;;del civico n. ;156;;Tamponamento;Rettilineo;Due carreggiate;Asciutto;Asfaltata;Verticale ed orizzontale;Sereno;Scarso;Buona;Ore Diurne;0;0;0;2;;;-1;1;Autocarro inferiore 35 q.;In marcia / fermata / arresto;Conducente;M;Illeso;0;;Non accertato;Inesistente
1821233;5;29/11/2009 08:40;Strada Urbana;VIA DI PORTONACCIO;in prossimità;;del civico n. ;156;;Tamponamento;Rettilineo;Due carreggiate;Asciutto;Asfaltata;Verticale ed orizzontale;Sereno;Scarso;Buona;Ore Diurne;0;0;0;2;;;-1;2;Autovettura privata;In marcia / fermata / arresto;Conducente;M;Illeso;0;;Non accertato;Inesistente
1821234;5;30/11/2009 07:30;Strada Urbana;VIA BELMONTE IN SABINA;da specificare;;;;svincolo adiacente via carpi;Scontro laterale fra veicoli in marcia;Rettilineo;Due carreggiate;Asciutto;Asfaltata;Verticale;Sereno;Normale;Buona;Ore Diurne;0;0;0;2;;;-1;1;Autovettura privata;In marcia / fermata / arresto;Conducente;F;Illeso;0;;Non accertato;Inesistente
1821234;5;30/11/2009 07:30;Strada Urbana;VIA BELMONTE IN SABINA;da specificare;;;;svincolo adiacente via carpi;Scontro laterale fra veicoli in marcia;Rettilineo;Due carreggiate;Asciutto;Asfaltata;Verticale;Sereno;Normale;Buona;Ore Diurne;0;0;0;2;;;-1;2;Autoarticolato;In marcia / fermata / arresto;Conducente;M;Illeso;0;;Non accertato;Inesistente
1821235;5;30/11/2009 21:10;Strada Urbana;VIALE KANT;da specificare;;;;altezza via Locke (dir. Nomentana);Ribaltamento senza urto contro ostacolo fisso;Curva a visuale libera;Due carreggiate;Bagnato (pioggia);Asfaltata;Verticale ed orizzontale;Pioggia in atto;Normale;Buona;Sufficiente;0;0;0;1;;;-1;1;Autovettura privata;In marcia / fermata / arresto;Conducente;M;Illeso;0;;Non accertato;Inesistente
1821309;16;30/11/2009 15:30;Strada Urbana;CIRCONVALLAZIONE GIANICOLENSE;all'intersezione con;VIA OTTAVIO GASPARRI;VIA OTTAVIO GASPARRI;;;Tamponamento;Incrocio;Più di due carreggiate;Bagnato (pioggia);Asfaltata;Verticale ed orizzontale;Nuvoloso;Normale;Buona;Ore Diurne;0;0;0;2;;;-1;1;Autovettura privata;In marcia / fermata / arresto;Conducente;F;Illeso;0;;Non accertato;Inesistente
1821309;16;30/11/2009 15:30;Strada Urbana;CIRCONVALLAZIONE GIANICOLENSE;all'intersezione con;VIA OTTAVIO GASPARRI;VIA OTTAVIO GASPARRI;;;Tamponamento;Incrocio;Più di due carreggiate;Bagnato (pioggia);Asfaltata;Verticale ed orizzontale;Nuvoloso;Normale;Buona;Ore Diurne;0;0;0;2;;;-1;2;Quadriciclo leggero;In marcia / fermata / arresto;Conducente;M;Illeso;0;;Non accertato;Inesistente
1821314;2;04/11/2009 22:00;Strada Urbana;CORSO D'ITALIA;da specificare;;;;sottopasso di piazzale Brasile;Veicolo in marcia contro ostacolo fisso;Rettilineo;Una carreggiata a doppio senso;Bagnato (pioggia);Asfaltata;Verticale ed orizzontale;Pioggia in atto;Scarso;Buona;Sufficiente;0;0;0;1;;;-1;1;Autovettura privata;In marcia / fermata / arresto;Conducente;F;Illeso;0;;Non accertato;Inesistente
1821315;2;05/11/2009 16:15;Strada Urbana;VIA NOMENTANA;in prossimità;;del civico n. ;274;;Scontro laterale fra veicoli in marcia;Rettilineo;Due carreggiate;Asciutto;Asfaltata;Verticale ed orizzontale;Nuvoloso;Intenso;Buona;Ore Diurne;0;0;0;4;;;-1;1;Altro;In marcia / fermata / arresto;Conducente;M;Illeso;0;;Non accertato;Inesistente
1821315;2;05/11/2009 16:15;Strada Urbana;VIA NOMENTANA;in prossimità;;del civico n. ;274;;Scontro laterale fra veicoli in marcia;Rettilineo;Due carreggiate;Asciutto;Asfaltata;Verticale ed orizzontale;Nuvoloso;Intenso;Buona;Ore Diurne;0;0;0;4;;;-1;1;Altro;In marcia / fermata / arresto;Passeggero;F;Illeso;0;;Non accertato;Inesistente
1821315;2;05/11/2009 16:15;Strada Urbana;VIA NOMENTANA;in prossimità;;del civico n. ;274;;Scontro laterale fra veicoli in marcia;Rettilineo;Due carreggiate;Asciutto;Asfaltata;Verticale ed orizzontale;Nuvoloso;Intenso;Buona;Ore Diurne;0;0;0;4;;;-1;1;Altro;In marcia / fermata / arresto;Passeggero;F;Illeso;0;;Non accertato;Inesistente
1821315;2;05/11/2009 16:15;Strada Urbana;VIA NOMENTANA;in prossimità;;del civico n. ;274;;Scontro laterale fra veicoli in marcia;Rettilineo;Due carreggiate;Asciutto;Asfaltata;Verticale ed orizzontale;Nuvoloso;Intenso;Buona;Ore Diurne;0;0;0;4;;;-1;2;Autocarro inferiore 35 q.;In marcia / fermata / arresto;Conducente;M;Illeso;0;;Non accertato;Inesistente
1821316;2;06/11/2009 02:30;Strada Urbana;SOTTOVIA IGNAZIO GUIDI;da specificare;;;;altezza V. Nomentana direzione Flaminio;Veicolo in marcia contro ostacolo fisso;Sottopasso illuminato;Una carreggiata a senso unico di marcia;Bagnato (pioggia);Asfaltata;Verticale ed orizzontale;Pioggia in atto;Scarso;Sufficiente;Sufficiente;0;0;0;1;;;-1;1;Autovettura privata;In marcia / fermata / arresto;Conducente;M;Illeso;0;;Non accertato;Inesistente
1821323;4;30/11/2009 09:30;Strada Urbana;VIA CARLO LUDOVICO BRAGAGLIA;all'intersezione con;VIA GIORGIO AMENDOLA;VIA GIORGIO AMENDOLA;;;Scontro frontale/laterale DX fra veicoli in marcia;Incrocio;Una carreggiata a doppio senso;Asciutto;Asfaltata;Verticale ed orizzontale;Sereno;Scarso;Buona;Ore Diurne;1;0;0;2;;;-1;1;Motociclo a solo;In marcia / fermata / arresto;Conducente;M;Rifiuta cure immediate;0;NON DECEDUTO;Non accertato;Inesistente
1821323;4;30/11/2009 09:30;Strada Urbana;VIA CARLO LUDOVICO BRAGAGLIA;all'intersezione con;VIA GIORGIO AMENDOLA;VIA GIORGIO AMENDOLA;;;Scontro frontale/laterale DX fra veicoli in marcia;Incrocio;Una carreggiata a doppio senso;Asciutto;Asfaltata;Verticale ed orizzontale;Sereno;Scarso;Buona;Ore Diurne;1;0;0;2;;;-1;2;Autovettura privata;In marcia / fermata / arresto;Conducente;F;Illeso;0;;Non accertato;Inesistente
1821323;4;30/11/2009 09:30;Strada Urbana;VIA CARLO LUDOVICO BRAGAGLIA;all'intersezione con;VIA GIORGIO AMENDOLA;VIA GIORGIO AMENDOLA;;;Scontro frontale/laterale DX fra veicoli in marcia;Incrocio;Una carreggiata a doppio senso;Asciutto;Asfaltata;Verticale ed orizzontale;Sereno;Scarso;Buona;Ore Diurne;1;0;0;2;;;-1;2;Autovettura privata;In marcia / fermata / arresto;Passeggero;F;Illeso;0;;Non accertato;Inesistente
1821324;4;30/11/2009 11:30;Strada Urbana;VIA UMBERTO BARBARO;da specificare;;;;altezza uscita Supermercato Pewex civ. 24;Scontro frontale/laterale DX fra veicoli in marcia;Rettilineo;Una carreggiata a senso unico di marcia;Asciutto;Asfaltata;Assente;Nuvoloso;Normale;Buona;Ore Diurne;0;0;0;2;;;-1;1;Autovettura privata;In marcia / fermata / arresto;Conducente;M;Illeso;0;;Non accertato;Inesistente
1821324;4;30/11/2009 11:30;Strada Urbana;VIA UMBERTO BARBARO;da specificare;;;;altezza uscita Supermercato Pewex civ. 24;Scontro frontale/laterale DX fra veicoli in marcia;Rettilineo;Una carreggiata a senso unico di marcia;Asciutto;Asfaltata;Assente;Nuvoloso;Normale;Buona;Ore Diurne;0;0;0;2;;;-1;2;Autovettura privata;In marcia / fermata / arresto;Conducente;F;Illeso;0;;Non accertato;Inesistente
1821325;4;30/11/2009 15:00;Strada Urbana;VIADOTTO GIUSEPPE SARAGAT;da specificare;;;;altezza rampa dir. Viale Lina Cavalieri;Fuoriuscita dalla sede stradale;Curva a visuale libera;Due carreggiate;Bagnato (pioggia);Asfaltata;Verticale ed orizzontale;Nuvoloso;Normale;Buona;Ore Diurne;1;0;0;0;;;-1;1;Autovettura privata;In marcia / fermata / arresto;Conducente;M;Rimandato;0;NON DECEDUTO;Non accertato;Inesistente
1821326;4;30/11/2009 15:30;Strada Urbana;VIA CONCA D'ORO;all'intersezione con;VIA DELLE VALLI;VIA DELLE VALLI;;;Scontro laterale fra veicoli in marcia;Intersezione semaforizzata;Due carreggiate;Bagnato (umidità in atto);Asfaltata;Verticale;Nuvoloso;Normale;Sufficiente;Ore Diurne;0;0;0;2;;;-1;1;Autocarro inferiore 35 q.;In marcia / fermata / arresto;Conducente;M;Illeso;0;;Non accertato;Inesistente
1821326;4;30/11/2009 15:30;Strada Urbana;VIA CONCA D'ORO;all'intersezione con;VIA DELLE VALLI;VIA DELLE VALLI;;;Scontro laterale fra veicoli in marcia;Intersezione semaforizzata;Due carreggiate;Bagnato (umidità in atto);Asfaltata;Verticale;Nuvoloso;Normale;Sufficiente;Ore Diurne;0;0;0;2;;;-1;2;Autovettura privata;In marcia / fermata / arresto;Conducente;F;Illeso;0;;Non accertato;Inesistente
1821327;4;30/11/2009 16:30;Strada Urbana;VIA DI SETTEBAGNI;in prossimità;;del civico n. ;390;;Scontro laterale fra veicoli in marcia;Rettilineo;Una carreggiata a senso unico di marcia;Asciutto;Asfaltata;Verticale ed orizzontale;Nuvoloso;Normale;Buona;Ore Diurne;0;0;0;2;;;-1;1;Autovettura privata;In marcia / fermata / arresto;Conducente;M;Illeso;0;;Non accertato;Inesistente
1821327;4;30/11/2009 16:30;Strada Urbana;VIA DI SETTEBAGNI;in prossimità;;del civico n. ;390;;Scontro laterale fra veicoli in marcia;Rettilineo;Una carreggiata a senso unico di marcia;Asciutto;Asfaltata;Verticale ed orizzontale;Nuvoloso;Normale;Buona;Ore Diurne;0;0;0;2;;;-1;2;Motociclo a solo;In marcia / fermata / arresto;Conducente;M;Illeso;0;;Non accertato;Inesistente
1821328;4;30/11/2009 17:30;Strada Urbana;VIA RICCARDO BACCHELLI;all'intersezione con;VIA DARIO NICCODEMI;VIA DARIO NICCODEMI;;;Scontro frontale/laterale DX fra veicoli in marcia;Incrocio;Una carreggiata a doppio senso;Bagnato (pioggia);Asfaltata;Verticale;Pioggia in atto;Normale;Sufficiente;Sufficiente;0;0;0;2;;;-1;1;Autocarro inferiore 35 q.;In marcia / fermata / arresto;Conducente;M;Illeso;0;;Non accertato;Inesistente
1821328;4;30/11/2009 17:30;Strada Urbana;VIA RICCARDO BACCHELLI;all'intersezione con;VIA DARIO NICCODEMI;VIA DARIO NICCODEMI;;;Scontro frontale/laterale DX fra veicoli in marcia;Incrocio;Una carreggiata a doppio senso;Bagnato (pioggia);Asfaltata;Verticale;Pioggia in atto;Normale;Sufficiente;Sufficiente;0;0;0;2;;;-1;2;Autocarro inferiore 35 q.;In marcia / fermata / arresto;Conducente;M;Illeso;0;;Non accertato;Inesistente
1821329;4;30/11/2009 18:30;Strada Urbana;VIA SUVERETO;in corrispondenza;;del civico n. ;52;;Veicolo in marcia contro veicoli fermi;Rettilineo;Una carreggiata a doppio senso;Bagnato (pioggia);Asfaltata;Verticale ed orizzontale;Pioggia in atto;Normale;Sufficiente;Sufficiente;0;0;0;5;;;-1;1;Autovettura privata;In marcia / fermata / arresto;Conducente;F;Illeso;0;;Non accertato;Inesistente
1821329;4;30/11/2009 18:30;Strada Urbana;VIA SUVERETO;in corrispondenza;;del civico n. ;52;;Veicolo in marcia contro veicoli fermi;Rettilineo;Una carreggiata a doppio senso;Bagnato (pioggia);Asfaltata;Verticale ed orizzontale;Pioggia in atto;Normale;Sufficiente;Sufficiente;0;0;0;5;;;-1;1;Autovettura privata;In marcia / fermata / arresto;Passeggero;M;Illeso;0;;Non accertato;Inesistente
1821329;4;30/11/2009 18:30;Strada Urbana;VIA SUVERETO;in corrispondenza;;del civico n. ;52;;Veicolo in marcia contro veicoli fermi;Rettilineo;Una carreggiata a doppio senso;Bagnato (pioggia);Asfaltata;Verticale ed orizzontale;Pioggia in atto;Normale;Sufficiente;Sufficiente;0;0;0;5;;;-1;1;Autovettura privata;In marcia / fermata / arresto;Passeggero;M;Illeso;0;;Non accertato;Inesistente
1821329;4;30/11/2009 18:30;Strada Urbana;VIA SUVERETO;in corrispondenza;;del civico n. ;52;;Veicolo in marcia contro veicoli fermi;Rettilineo;Una carreggiata a doppio senso;Bagnato (pioggia);Asfaltata;Verticale ed orizzontale;Pioggia in atto;Normale;Sufficiente;Sufficiente;0;0;0;5;;;-1;2;Autovettura privata;In marcia / fermata / arresto;Conducente;F;Illeso;0;;Non accertato;Inesistente
1821329;4;30/11/2009 18:30;Strada Urbana;VIA SUVERETO;in corrispondenza;;del civico n. ;52;;Veicolo in marcia contro veicoli fermi;Rettilineo;Una carreggiata a doppio senso;Bagnato (pioggia);Asfaltata;Verticale ed orizzontale;Pioggia in atto;Normale;Sufficiente;Sufficiente;0;0;0;5;;;-1;2;Autovettura privata;In marcia / fermata / arresto;Passeggero;F;Illeso;0;;Non accertato;Inesistente
1821337;5;30/11/2009 07:00;Strada Urbana;VIA TIBURTINA;in prossimità;;del civico n. ;611A;;Scontro laterale fra veicoli in marcia;Rettilineo;Due carreggiate;Asciutto;Asfaltata;Verticale ed orizzontale;Sereno;Intenso;Buona;Ore Diurne;0;0;0;3;;;-1;1;Autovettura privata;In marcia / fermata / arresto;Conducente;M;Illeso;0;;Non accertato;Inesistente
1821337;5;30/11/2009 07:00;Strada Urbana;VIA TIBURTINA;in prossimità;;del civico n. ;611A;;Scontro laterale fra veicoli in marcia;Rettilineo;Due carreggiate;Asciutto;Asfaltata;Verticale ed orizzontale;Sereno;Intenso;Buona;Ore Diurne;0;0;0;3;;;-1;2;Autovettura privata;In marcia / fermata / arresto;Conducente;M;Illeso;0;;Non accertato;Inesistente
1821337;5;30/11/2009 07:00;Strada Urbana;VIA TIBURTINA;in prossimità;;del civico n. ;611A;;Scontro laterale fra veicoli in marcia;Rettilineo;Due carreggiate;Asciutto;Asfaltata;Verticale ed orizzontale;Sereno;Intenso;Buona;Ore Diurne;0;0;0;3;;;-1;2;Autovettura privata;In marcia / fermata / arresto;Passeggero;F;Illeso;0;;Non accertato;Inesistente
1821450;16;30/11/2009 18:20;Strada Urbana;VIA FEDERICO OZANAM;all'intersezione con;VIA FILIPPO BOTTAZZI;VIA FILIPPO BOTTAZZI;;;Veicolo in marcia contro veicoli in sosta;Intersezione non regolata/non segnalata;Una carreggiata a doppio senso;Bagnato (pioggia);Strada pavimentata dissestata;Verticale ed orizzontale;Pioggia in atto;Normale;Buona;Sufficiente;0;0;0;1;;;-1;1;Autovettura privata;In marcia / fermata / arresto;Conducente;M;Illeso;0;;Non accertato;Inesistente
1821451;16;30/11/2009 21:55;Strada Urbana;VIA CLEONIA;all'intersezione con;PIAZZA FONTEIANA;PIAZZA FONTEIANA;;;Veicolo in marcia contro veicolo in sosta;Intersezione stradale segnalata;Una carreggiata a senso unico di marcia;Bagnato (pioggia);Asfaltata;Verticale;Pioggia in atto;Scarso;Buona;Sufficiente;0;0;0;1;;;-1;1;Autovettura privata;In marcia / fermata / arresto;Conducente;M;Illeso;0;;Non accertato;Inesistente